neysa_sku,neysa_gpu,neysa_count,neysa_os,tier,neysa_usd_gpu_hr,neysa_tcv_usd,provider,gpu_match,cmp_gpu,cmp_count,cmp_os,cmp_region,cmp_usd_gpu_hr,cmp_tcv_usd,tier_status,neysa_vs_cmp_pct,note
8 x L40S,L40S,8,Ubuntu,on_demand,,,Azure,nearest-gpu(Δ1),H100 NVL,2,Linux,eastus,6.98,,exact,,
8 x L40S,L40S,8,Ubuntu,1mo,0.8977,655.0,Azure,nearest-gpu(Δ1),H100 NVL,2,Linux,eastus,6.5716,4797.0,synth,-86.3,"est from Standard_NC80adis_H100_v5 (12mo, x1.132)"
8 x L40S,L40S,8,Ubuntu,6mo,0.8438,3696.0,Azure,nearest-gpu(Δ1),H100 NVL,2,Linux,eastus,6.1773,27057.0,synth,-86.3,"est from Standard_NC80adis_H100_v5 (12mo, x1.064)"
8 x L40S,L40S,8,Ubuntu,12mo,0.7932,6949.0,Azure,nearest-gpu(Δ1),H100 NVL,2,Linux,eastus,5.8067,50867.0,exact,-86.3,
8 x L40S,L40S,8,Ubuntu,24mo,0.7456,13063.0,Azure,nearest-gpu(Δ1),H100 NVL,2,Linux,eastus,5.4583,95629.0,synth,-86.3,"est from Standard_NC80adis_H100_v5 (12mo, x0.940)"
8 x L40S,L40S,8,Ubuntu,36mo,0.7009,18419.0,Azure,nearest-gpu(Δ1),H100 NVL,2,Linux,eastus,4.306,113162.0,exact,-83.7,
8 x L40S,L40S,8,Ubuntu,on_demand,,,Azure,nearest-gpu(Δ2),H100 SXM,8,Linux,eastus,12.29,,exact,,
8 x L40S,L40S,8,Ubuntu,1mo,0.8977,655.0,Azure,nearest-gpu(Δ2),H100 SXM,8,Linux,eastus,12.29,8972.0,synth,-92.7,"est from Standard_ND96isr_H100_v5 (on_demand, x1.000)"
8 x L40S,L40S,8,Ubuntu,6mo,0.8438,3696.0,Azure,nearest-gpu(Δ2),H100 SXM,8,Linux,eastus,12.29,53830.0,synth,-93.1,"est from Standard_ND96isr_H100_v5 (on_demand, x1.000)"
8 x L40S,L40S,8,Ubuntu,12mo,0.7932,6949.0,Azure,nearest-gpu(Δ2),H100 SXM,8,Linux,eastus,12.29,107660.0,synth,-93.5,"est from Standard_ND96isr_H100_v5 (on_demand, x1.000)"
8 x L40S,L40S,8,Ubuntu,24mo,0.7456,13063.0,Azure,nearest-gpu(Δ2),H100 SXM,8,Linux,eastus,12.29,215321.0,synth,-93.9,"est from Standard_ND96isr_H100_v5 (on_demand, x1.000)"
8 x L40S,L40S,8,Ubuntu,36mo,0.7009,18419.0,Azure,nearest-gpu(Δ2),H100 SXM,8,Linux,eastus,12.29,322981.0,synth,-94.3,"est from Standard_ND96isr_H100_v5 (on_demand, x1.000)"
8 x L40S,L40S,8,Ubuntu,on_demand,,,OCI,exact-gpu,L40S,1,Linux,global,0.6,,exact,,
8 x L40S,L40S,8,Ubuntu,1mo,0.8977,655.0,OCI,exact-gpu,L40S,1,Linux,global,0.6,438.0,synth,49.6,"est from Oracle Compute Cloud@Customer - Compute - GPU.L40S - Resource Commit (on_demand, x1.000)"
8 x L40S,L40S,8,Ubuntu,6mo,0.8438,3696.0,OCI,exact-gpu,L40S,1,Linux,global,0.6,2628.0,synth,40.6,"est from Oracle Compute Cloud@Customer - Compute - GPU.L40S - Resource Commit (on_demand, x1.000)"
8 x L40S,L40S,8,Ubuntu,12mo,0.7932,6949.0,OCI,exact-gpu,L40S,1,Linux,global,0.6,5256.0,synth,32.2,"est from Oracle Compute Cloud@Customer - Compute - GPU.L40S - Resource Commit (on_demand, x1.000)"
8 x L40S,L40S,8,Ubuntu,24mo,0.7456,13063.0,OCI,exact-gpu,L40S,1,Linux,global,0.6,10512.0,synth,24.3,"est from Oracle Compute Cloud@Customer - Compute - GPU.L40S - Resource Commit (on_demand, x1.000)"
8 x L40S,L40S,8,Ubuntu,36mo,0.7009,18419.0,OCI,exact-gpu,L40S,1,Linux,global,0.6,15768.0,synth,16.8,"est from Oracle Compute Cloud@Customer - Compute - GPU.L40S - Resource Commit (on_demand, x1.000)"
8 x L40S,L40S,8,Ubuntu,on_demand,,,AWS EC2,exact-gpu,L40S,8,Linux,ap-south-1,4.5233,,exact,,
8 x L40S,L40S,8,Ubuntu,1mo,0.8977,655.0,AWS EC2,exact-gpu,L40S,8,Linux,ap-south-1,3.2251,2354.0,synth,-72.2,"est from g6e.48xlarge (12mo, x1.132)"
8 x L40S,L40S,8,Ubuntu,6mo,0.8438,3696.0,AWS EC2,exact-gpu,L40S,8,Linux,ap-south-1,3.0316,13278.0,synth,-72.2,"est from g6e.48xlarge (12mo, x1.064)"
8 x L40S,L40S,8,Ubuntu,12mo,0.7932,6949.0,AWS EC2,exact-gpu,L40S,8,Linux,ap-south-1,2.8497,24963.0,exact,-72.2,
8 x L40S,L40S,8,Ubuntu,24mo,0.7456,13063.0,AWS EC2,exact-gpu,L40S,8,Linux,ap-south-1,2.6787,46931.0,synth,-72.2,"est from g6e.48xlarge (12mo, x0.940)"
8 x L40S,L40S,8,Ubuntu,36mo,0.7009,18419.0,AWS EC2,exact-gpu,L40S,8,Linux,ap-south-1,1.9541,51354.0,exact,-64.1,
8 x L40S,L40S,8,Ubuntu,on_demand,,,AWS SageMaker,exact-gpu,L40S,8,Linux,ap-south-1,5.6541,,exact,,
8 x L40S,L40S,8,Ubuntu,1mo,0.8977,655.0,AWS SageMaker,exact-gpu,L40S,8,Linux,ap-south-1,5.6541,4127.0,synth,-84.1,"est from ml.g6e.48xlarge (on_demand, x1.000)"
8 x L40S,L40S,8,Ubuntu,6mo,0.8438,3696.0,AWS SageMaker,exact-gpu,L40S,8,Linux,ap-south-1,5.6541,24765.0,synth,-85.1,"est from ml.g6e.48xlarge (on_demand, x1.000)"
8 x L40S,L40S,8,Ubuntu,12mo,0.7932,6949.0,AWS SageMaker,exact-gpu,L40S,8,Linux,ap-south-1,5.6541,49530.0,synth,-86.0,"est from ml.g6e.48xlarge (on_demand, x1.000)"
8 x L40S,L40S,8,Ubuntu,24mo,0.7456,13063.0,AWS SageMaker,exact-gpu,L40S,8,Linux,ap-south-1,5.6541,99060.0,synth,-86.8,"est from ml.g6e.48xlarge (on_demand, x1.000)"
8 x L40S,L40S,8,Ubuntu,36mo,0.7009,18419.0,AWS SageMaker,exact-gpu,L40S,8,Linux,ap-south-1,5.6541,148590.0,synth,-87.6,"est from ml.g6e.48xlarge (on_demand, x1.000)"
8 x L40S,L40S,8,Ubuntu,on_demand,,,GCP,nearest-gpu(Δ1),L4,1,Linux,asia-south1,0.583,,exact,,
8 x L40S,L40S,8,Ubuntu,1mo,0.8977,655.0,GCP,nearest-gpu(Δ1),L4,1,Linux,asia-south1,0.4157,303.0,synth,116.0,"est from Commitment v1: Nvidia L4 GPU running in Mumbai for 1 Year (12mo, x1.132)"
8 x L40S,L40S,8,Ubuntu,6mo,0.8438,3696.0,GCP,nearest-gpu(Δ1),L4,1,Linux,asia-south1,0.3907,1711.0,synth,116.0,"est from Commitment v1: Nvidia L4 GPU running in Mumbai for 1 Year (12mo, x1.064)"
8 x L40S,L40S,8,Ubuntu,12mo,0.7932,6949.0,GCP,nearest-gpu(Δ1),L4,1,Linux,asia-south1,0.3673,3218.0,exact,116.0,
8 x L40S,L40S,8,Ubuntu,24mo,0.7456,13063.0,GCP,nearest-gpu(Δ1),L4,1,Linux,asia-south1,0.3453,6049.0,synth,116.0,"est from Commitment v1: Nvidia L4 GPU running in Mumbai for 1 Year (12mo, x0.940)"
8 x L40S,L40S,8,Ubuntu,36mo,0.7009,18419.0,GCP,nearest-gpu(Δ1),L4,1,Linux,asia-south1,0.2623,6893.0,exact,167.2,
8 x L40S,L40S,8,Ubuntu,on_demand,,,GCP,nearest-gpu(Δ2),H100 SXM,1,Linux,asia-south1,10.1884,,exact,,
8 x L40S,L40S,8,Ubuntu,1mo,0.8977,655.0,GCP,nearest-gpu(Δ2),H100 SXM,1,Linux,asia-south1,4.7542,3471.0,synth,-81.1,"est from Nvidia H100 80GB GPU attached to DWS Defined Duration VMs running in Mumbai (12mo, x1.132)"
8 x L40S,L40S,8,Ubuntu,6mo,0.8438,3696.0,GCP,nearest-gpu(Δ2),H100 SXM,1,Linux,asia-south1,4.4689,19574.0,synth,-81.1,"est from Nvidia H100 80GB GPU attached to DWS Defined Duration VMs running in Mumbai (12mo, x1.064)"
8 x L40S,L40S,8,Ubuntu,12mo,0.7932,6949.0,GCP,nearest-gpu(Δ2),H100 SXM,1,Linux,asia-south1,4.2008,36799.0,exact,-81.1,
8 x L40S,L40S,8,Ubuntu,24mo,0.7456,13063.0,GCP,nearest-gpu(Δ2),H100 SXM,1,Linux,asia-south1,3.9488,69182.0,synth,-81.1,"est from Nvidia H100 80GB GPU attached to DWS Defined Duration VMs running in Mumbai (12mo, x0.940)"
8 x L40S,L40S,8,Ubuntu,36mo,0.7009,18419.0,GCP,nearest-gpu(Δ2),H100 SXM,1,Linux,asia-south1,4.4719,117522.0,exact,-84.3,
8 x L40S,L40S,8,Ubuntu,on_demand,,,RunPod,exact-gpu,L40S,1,Linux,global,0.86,,exact,,
8 x L40S,L40S,8,Ubuntu,1mo,0.8977,655.0,RunPod,exact-gpu,L40S,1,Linux,global,0.7777,568.0,synth,15.4,"est from L40S (6mo, x1.064)"
8 x L40S,L40S,8,Ubuntu,6mo,0.8438,3696.0,RunPod,exact-gpu,L40S,1,Linux,global,0.731,3202.0,exact,15.4,
8 x L40S,L40S,8,Ubuntu,12mo,0.7932,6949.0,RunPod,exact-gpu,L40S,1,Linux,global,0.6871,6019.0,synth,15.4,"est from L40S (6mo, x0.940)"
8 x L40S,L40S,8,Ubuntu,24mo,0.7456,13063.0,RunPod,exact-gpu,L40S,1,Linux,global,0.7957,13941.0,synth,-6.3,"est from L40S (36mo, x1.064)"
8 x L40S,L40S,8,Ubuntu,36mo,0.7009,18419.0,RunPod,exact-gpu,L40S,1,Linux,global,0.748,19657.0,exact,-6.3,
8 x L40S,L40S,8,Ubuntu,on_demand,,,Vultr,exact-gpu,L40S,8,Linux,,1.5596,,exact,,
8 x L40S,L40S,8,Ubuntu,1mo,0.8977,655.0,Vultr,exact-gpu,L40S,8,Linux,,1.5596,1139.0,synth,-42.4,"est from on_demand (on_demand, x1.000)"
8 x L40S,L40S,8,Ubuntu,6mo,0.8438,3696.0,Vultr,exact-gpu,L40S,8,Linux,,1.5596,6831.0,synth,-45.9,"est from on_demand (on_demand, x1.000)"
8 x L40S,L40S,8,Ubuntu,12mo,0.7932,6949.0,Vultr,exact-gpu,L40S,8,Linux,,1.5596,13662.0,synth,-49.1,"est from on_demand (on_demand, x1.000)"
8 x L40S,L40S,8,Ubuntu,24mo,0.7456,13063.0,Vultr,exact-gpu,L40S,8,Linux,,1.5596,27324.0,synth,-52.2,"est from on_demand (on_demand, x1.000)"
8 x L40S,L40S,8,Ubuntu,36mo,0.7009,18419.0,Vultr,exact-gpu,L40S,8,Linux,,1.5596,40986.0,synth,-55.1,"est from on_demand (on_demand, x1.000)"
8 x H100 SXM,H100 SXM,8,Ubuntu,on_demand,,,Azure,exact-gpu,H100 SXM,8,Linux,eastus,12.29,,exact,,
8 x H100 SXM,H100 SXM,8,Ubuntu,1mo,2.5918,1892.0,Azure,exact-gpu,H100 SXM,8,Linux,eastus,12.29,8972.0,synth,-78.9,"est from Standard_ND96isr_H100_v5 (on_demand, x1.000)"
8 x H100 SXM,H100 SXM,8,Ubuntu,6mo,2.4362,10671.0,Azure,exact-gpu,H100 SXM,8,Linux,eastus,12.29,53830.0,synth,-80.2,"est from Standard_ND96isr_H100_v5 (on_demand, x1.000)"
8 x H100 SXM,H100 SXM,8,Ubuntu,12mo,2.2901,20061.0,Azure,exact-gpu,H100 SXM,8,Linux,eastus,12.29,107660.0,synth,-81.4,"est from Standard_ND96isr_H100_v5 (on_demand, x1.000)"
8 x H100 SXM,H100 SXM,8,Ubuntu,24mo,2.1527,37715.0,Azure,exact-gpu,H100 SXM,8,Linux,eastus,12.29,215321.0,synth,-82.5,"est from Standard_ND96isr_H100_v5 (on_demand, x1.000)"
8 x H100 SXM,H100 SXM,8,Ubuntu,36mo,2.0235,53178.0,Azure,exact-gpu,H100 SXM,8,Linux,eastus,12.29,322981.0,synth,-83.5,"est from Standard_ND96isr_H100_v5 (on_demand, x1.000)"
8 x H100 SXM,H100 SXM,8,Ubuntu,on_demand,,,OCI,exact-gpu,H100 SXM,1,Linux,global,10.0,,exact,,
8 x H100 SXM,H100 SXM,8,Ubuntu,1mo,2.5918,1892.0,OCI,exact-gpu,H100 SXM,1,Linux,global,10.0,7300.0,synth,-74.1,"est from Oracle Cloud Infrastructure - Compute - GPU - H100 (on_demand, x1.000)"
8 x H100 SXM,H100 SXM,8,Ubuntu,6mo,2.4362,10671.0,OCI,exact-gpu,H100 SXM,1,Linux,global,10.0,43800.0,synth,-75.6,"est from Oracle Cloud Infrastructure - Compute - GPU - H100 (on_demand, x1.000)"
8 x H100 SXM,H100 SXM,8,Ubuntu,12mo,2.2901,20061.0,OCI,exact-gpu,H100 SXM,1,Linux,global,10.0,87600.0,synth,-77.1,"est from Oracle Cloud Infrastructure - Compute - GPU - H100 (on_demand, x1.000)"
8 x H100 SXM,H100 SXM,8,Ubuntu,24mo,2.1527,37715.0,OCI,exact-gpu,H100 SXM,1,Linux,global,10.0,175200.0,synth,-78.5,"est from Oracle Cloud Infrastructure - Compute - GPU - H100 (on_demand, x1.000)"
8 x H100 SXM,H100 SXM,8,Ubuntu,36mo,2.0235,53178.0,OCI,exact-gpu,H100 SXM,1,Linux,global,10.0,262800.0,synth,-79.8,"est from Oracle Cloud Infrastructure - Compute - GPU - H100 (on_demand, x1.000)"
8 x H100 SXM,H100 SXM,8,Ubuntu,on_demand,,,AWS EC2,exact-gpu,H100 SXM,8,Linux,ap-south-1,8.256,,exact,,
8 x H100 SXM,H100 SXM,8,Ubuntu,1mo,2.5918,1892.0,AWS EC2,exact-gpu,H100 SXM,8,Linux,ap-south-1,8.256,6027.0,synth,-68.6,"est from p5.48xlarge (on_demand, x1.000)"
8 x H100 SXM,H100 SXM,8,Ubuntu,6mo,2.4362,10671.0,AWS EC2,exact-gpu,H100 SXM,8,Linux,ap-south-1,4.2941,18808.0,synth,-43.3,"est from p5.48xlarge (36mo, x1.204)"
8 x H100 SXM,H100 SXM,8,Ubuntu,12mo,2.2901,20061.0,AWS EC2,exact-gpu,H100 SXM,8,Linux,ap-south-1,4.0364,35359.0,synth,-43.3,"est from p5.48xlarge (36mo, x1.132)"
8 x H100 SXM,H100 SXM,8,Ubuntu,24mo,2.1527,37715.0,AWS EC2,exact-gpu,H100 SXM,8,Linux,ap-south-1,3.7943,66475.0,synth,-43.3,"est from p5.48xlarge (36mo, x1.064)"
8 x H100 SXM,H100 SXM,8,Ubuntu,36mo,2.0235,53178.0,AWS EC2,exact-gpu,H100 SXM,8,Linux,ap-south-1,3.5666,93730.0,exact,-43.3,
8 x H100 SXM,H100 SXM,8,Ubuntu,on_demand,,,AWS SageMaker,exact-gpu,H100 SXM,8,Linux,ap-south-1,9.4947,,exact,,
8 x H100 SXM,H100 SXM,8,Ubuntu,1mo,2.5918,1892.0,AWS SageMaker,exact-gpu,H100 SXM,8,Linux,ap-south-1,9.4947,6931.0,synth,-72.7,"est from ml.p5.48xlarge (on_demand, x1.000)"
8 x H100 SXM,H100 SXM,8,Ubuntu,6mo,2.4362,10671.0,AWS SageMaker,exact-gpu,H100 SXM,8,Linux,ap-south-1,9.4947,41587.0,synth,-74.3,"est from ml.p5.48xlarge (on_demand, x1.000)"
8 x H100 SXM,H100 SXM,8,Ubuntu,12mo,2.2901,20061.0,AWS SageMaker,exact-gpu,H100 SXM,8,Linux,ap-south-1,9.4947,83174.0,synth,-75.9,"est from ml.p5.48xlarge (on_demand, x1.000)"
8 x H100 SXM,H100 SXM,8,Ubuntu,24mo,2.1527,37715.0,AWS SageMaker,exact-gpu,H100 SXM,8,Linux,ap-south-1,9.4947,166347.0,synth,-77.3,"est from ml.p5.48xlarge (on_demand, x1.000)"
8 x H100 SXM,H100 SXM,8,Ubuntu,36mo,2.0235,53178.0,AWS SageMaker,exact-gpu,H100 SXM,8,Linux,ap-south-1,9.4947,249521.0,synth,-78.7,"est from ml.p5.48xlarge (on_demand, x1.000)"
8 x H100 SXM,H100 SXM,8,Ubuntu,on_demand,,,GCP,exact-gpu,H100 SXM,1,Linux,asia-south1,10.1884,,exact,,
8 x H100 SXM,H100 SXM,8,Ubuntu,1mo,2.5918,1892.0,GCP,exact-gpu,H100 SXM,1,Linux,asia-south1,4.7542,3471.0,synth,-45.5,"est from Nvidia H100 80GB GPU attached to DWS Defined Duration VMs running in Mumbai (12mo, x1.132)"
8 x H100 SXM,H100 SXM,8,Ubuntu,6mo,2.4362,10671.0,GCP,exact-gpu,H100 SXM,1,Linux,asia-south1,4.4689,19574.0,synth,-45.5,"est from Nvidia H100 80GB GPU attached to DWS Defined Duration VMs running in Mumbai (12mo, x1.064)"
8 x H100 SXM,H100 SXM,8,Ubuntu,12mo,2.2901,20061.0,GCP,exact-gpu,H100 SXM,1,Linux,asia-south1,4.2008,36799.0,exact,-45.5,
8 x H100 SXM,H100 SXM,8,Ubuntu,24mo,2.1527,37715.0,GCP,exact-gpu,H100 SXM,1,Linux,asia-south1,3.9488,69182.0,synth,-45.5,"est from Nvidia H100 80GB GPU attached to DWS Defined Duration VMs running in Mumbai (12mo, x0.940)"
8 x H100 SXM,H100 SXM,8,Ubuntu,36mo,2.0235,53178.0,GCP,exact-gpu,H100 SXM,1,Linux,asia-south1,4.4719,117522.0,exact,-54.8,
8 x H100 SXM,H100 SXM,8,Ubuntu,on_demand,,,RunPod,exact-gpu,H100 SXM,1,Linux,global,2.89,,exact,,
8 x H100 SXM,H100 SXM,8,Ubuntu,1mo,2.5918,1892.0,RunPod,exact-gpu,H100 SXM,1,Linux,global,2.6702,1949.0,synth,-2.9,"est from H100 PCIe (6mo, x1.064)"
8 x H100 SXM,H100 SXM,8,Ubuntu,6mo,2.4362,10671.0,RunPod,exact-gpu,H100 SXM,1,Linux,global,2.51,10994.0,exact,-2.9,
8 x H100 SXM,H100 SXM,8,Ubuntu,12mo,2.2901,20061.0,RunPod,exact-gpu,H100 SXM,1,Linux,global,2.3594,20668.0,synth,-2.9,"est from H100 PCIe (6mo, x0.940)"
8 x H100 SXM,H100 SXM,8,Ubuntu,24mo,2.1527,37715.0,RunPod,exact-gpu,H100 SXM,1,Linux,global,2.8936,50696.0,synth,-25.6,"est from H100 PCIe (36mo, x1.064)"
8 x H100 SXM,H100 SXM,8,Ubuntu,36mo,2.0235,53178.0,RunPod,exact-gpu,H100 SXM,1,Linux,global,2.72,71482.0,exact,-25.6,
8 x H100 SXM,H100 SXM,8,Ubuntu,on_demand,,,Vultr,nearest-gpu(Δ2),L40S,8,Linux,,1.5596,,exact,,
8 x H100 SXM,H100 SXM,8,Ubuntu,1mo,2.5918,1892.0,Vultr,nearest-gpu(Δ2),L40S,8,Linux,,1.5596,1139.0,synth,66.2,"est from on_demand (on_demand, x1.000)"
8 x H100 SXM,H100 SXM,8,Ubuntu,6mo,2.4362,10671.0,Vultr,nearest-gpu(Δ2),L40S,8,Linux,,1.5596,6831.0,synth,56.2,"est from on_demand (on_demand, x1.000)"
8 x H100 SXM,H100 SXM,8,Ubuntu,12mo,2.2901,20061.0,Vultr,nearest-gpu(Δ2),L40S,8,Linux,,1.5596,13662.0,synth,46.8,"est from on_demand (on_demand, x1.000)"
8 x H100 SXM,H100 SXM,8,Ubuntu,24mo,2.1527,37715.0,Vultr,nearest-gpu(Δ2),L40S,8,Linux,,1.5596,27324.0,synth,38.0,"est from on_demand (on_demand, x1.000)"
8 x H100 SXM,H100 SXM,8,Ubuntu,36mo,2.0235,53178.0,Vultr,nearest-gpu(Δ2),L40S,8,Linux,,1.5596,40986.0,synth,29.7,"est from on_demand (on_demand, x1.000)"
8 x H200 SXM,H200 SXM,8,Ubuntu,on_demand,,,Azure,exact-gpu,H200 SXM,8,Linux,eastus2,10.6,,exact,,
8 x H200 SXM,H200 SXM,8,Ubuntu,1mo,2.8813,2103.0,Azure,exact-gpu,H200 SXM,8,Linux,eastus2,10.6,7738.0,synth,-72.8,"est from Standard_ND96isr_H200_v5 (on_demand, x1.000)"
8 x H200 SXM,H200 SXM,8,Ubuntu,6mo,2.7085,11863.0,Azure,exact-gpu,H200 SXM,8,Linux,eastus2,10.6,46428.0,synth,-74.4,"est from Standard_ND96isr_H200_v5 (on_demand, x1.000)"
8 x H200 SXM,H200 SXM,8,Ubuntu,12mo,2.5459,22302.0,Azure,exact-gpu,H200 SXM,8,Linux,eastus2,10.6,92856.0,synth,-76.0,"est from Standard_ND96isr_H200_v5 (on_demand, x1.000)"
8 x H200 SXM,H200 SXM,8,Ubuntu,24mo,2.3932,41929.0,Azure,exact-gpu,H200 SXM,8,Linux,eastus2,10.6,185712.0,synth,-77.4,"est from Standard_ND96isr_H200_v5 (on_demand, x1.000)"
8 x H200 SXM,H200 SXM,8,Ubuntu,36mo,2.2496,59119.0,Azure,exact-gpu,H200 SXM,8,Linux,eastus2,10.6,278568.0,synth,-78.8,"est from Standard_ND96isr_H200_v5 (on_demand, x1.000)"
8 x H200 SXM,H200 SXM,8,Ubuntu,on_demand,,,OCI,exact-gpu,H200 SXM,1,Linux,global,10.0,,exact,,
8 x H200 SXM,H200 SXM,8,Ubuntu,1mo,2.8813,2103.0,OCI,exact-gpu,H200 SXM,1,Linux,global,10.0,7300.0,synth,-71.2,"est from OCI - Compute - GPU - H200 (on_demand, x1.000)"
8 x H200 SXM,H200 SXM,8,Ubuntu,6mo,2.7085,11863.0,OCI,exact-gpu,H200 SXM,1,Linux,global,10.0,43800.0,synth,-72.9,"est from OCI - Compute - GPU - H200 (on_demand, x1.000)"
8 x H200 SXM,H200 SXM,8,Ubuntu,12mo,2.5459,22302.0,OCI,exact-gpu,H200 SXM,1,Linux,global,10.0,87600.0,synth,-74.5,"est from OCI - Compute - GPU - H200 (on_demand, x1.000)"
8 x H200 SXM,H200 SXM,8,Ubuntu,24mo,2.3932,41929.0,OCI,exact-gpu,H200 SXM,1,Linux,global,10.0,175200.0,synth,-76.1,"est from OCI - Compute - GPU - H200 (on_demand, x1.000)"
8 x H200 SXM,H200 SXM,8,Ubuntu,36mo,2.2496,59119.0,OCI,exact-gpu,H200 SXM,1,Linux,global,10.0,262800.0,synth,-77.5,"est from OCI - Compute - GPU - H200 (on_demand, x1.000)"
8 x H200 SXM,H200 SXM,8,Ubuntu,on_demand,,,AWS EC2,exact-gpu,H200 SXM,8,Linux,ap-south-1,9.4944,,exact,,
8 x H200 SXM,H200 SXM,8,Ubuntu,1mo,2.8813,2103.0,AWS EC2,exact-gpu,H200 SXM,8,Linux,ap-south-1,9.4944,6931.0,synth,-69.7,"est from p5en.48xlarge (on_demand, x1.000)"
8 x H200 SXM,H200 SXM,8,Ubuntu,6mo,2.7085,11863.0,AWS EC2,exact-gpu,H200 SXM,8,Linux,ap-south-1,9.4944,41585.0,synth,-71.5,"est from p5en.48xlarge (on_demand, x1.000)"
8 x H200 SXM,H200 SXM,8,Ubuntu,12mo,2.5459,22302.0,AWS EC2,exact-gpu,H200 SXM,8,Linux,ap-south-1,9.4944,83171.0,synth,-73.2,"est from p5en.48xlarge (on_demand, x1.000)"
8 x H200 SXM,H200 SXM,8,Ubuntu,24mo,2.3932,41929.0,AWS EC2,exact-gpu,H200 SXM,8,Linux,ap-south-1,9.4944,166342.0,synth,-74.8,"est from p5en.48xlarge (on_demand, x1.000)"
8 x H200 SXM,H200 SXM,8,Ubuntu,36mo,2.2496,59119.0,AWS EC2,exact-gpu,H200 SXM,8,Linux,ap-south-1,9.4944,249513.0,synth,-76.3,"est from p5en.48xlarge (on_demand, x1.000)"
8 x H200 SXM,H200 SXM,8,Ubuntu,on_demand,,,AWS SageMaker,exact-gpu,H200 SXM,8,Linux,ap-south-1,5.7211,,exact,,
8 x H200 SXM,H200 SXM,8,Ubuntu,1mo,2.8813,2103.0,AWS SageMaker,exact-gpu,H200 SXM,8,Linux,ap-south-1,5.7211,4176.0,synth,-49.6,"est from ml.p5e.48xlarge (on_demand, x1.000)"
8 x H200 SXM,H200 SXM,8,Ubuntu,6mo,2.7085,11863.0,AWS SageMaker,exact-gpu,H200 SXM,8,Linux,ap-south-1,5.7211,25058.0,synth,-52.7,"est from ml.p5e.48xlarge (on_demand, x1.000)"
8 x H200 SXM,H200 SXM,8,Ubuntu,12mo,2.5459,22302.0,AWS SageMaker,exact-gpu,H200 SXM,8,Linux,ap-south-1,5.7211,50117.0,synth,-55.5,"est from ml.p5e.48xlarge (on_demand, x1.000)"
8 x H200 SXM,H200 SXM,8,Ubuntu,24mo,2.3932,41929.0,AWS SageMaker,exact-gpu,H200 SXM,8,Linux,ap-south-1,5.7211,100234.0,synth,-58.2,"est from ml.p5e.48xlarge (on_demand, x1.000)"
8 x H200 SXM,H200 SXM,8,Ubuntu,36mo,2.2496,59119.0,AWS SageMaker,exact-gpu,H200 SXM,8,Linux,ap-south-1,5.7211,150351.0,synth,-60.7,"est from ml.p5e.48xlarge (on_demand, x1.000)"
8 x H200 SXM,H200 SXM,8,Ubuntu,on_demand,,,GCP,exact-gpu,H200 SXM,1,Linux,asia-south1,11.1741,,exact,,
8 x H200 SXM,H200 SXM,8,Ubuntu,1mo,2.8813,2103.0,GCP,exact-gpu,H200 SXM,1,Linux,asia-south1,5.178,3780.0,synth,-44.4,"est from H200 141GB GPU attached to DWS Defined Duration VMs running in Mumbai (12mo, x1.132)"
8 x H200 SXM,H200 SXM,8,Ubuntu,6mo,2.7085,11863.0,GCP,exact-gpu,H200 SXM,1,Linux,asia-south1,4.8673,21319.0,synth,-44.4,"est from H200 141GB GPU attached to DWS Defined Duration VMs running in Mumbai (12mo, x1.064)"
8 x H200 SXM,H200 SXM,8,Ubuntu,12mo,2.5459,22302.0,GCP,exact-gpu,H200 SXM,1,Linux,asia-south1,4.5753,40080.0,exact,-44.4,
8 x H200 SXM,H200 SXM,8,Ubuntu,24mo,2.3932,41929.0,GCP,exact-gpu,H200 SXM,1,Linux,asia-south1,4.3008,75350.0,synth,-44.4,"est from H200 141GB GPU attached to DWS Defined Duration VMs running in Mumbai (12mo, x0.940)"
8 x H200 SXM,H200 SXM,8,Ubuntu,36mo,2.2496,59119.0,GCP,exact-gpu,H200 SXM,1,Linux,asia-south1,4.8996,128761.0,exact,-54.1,
8 x H200 SXM,H200 SXM,8,Ubuntu,on_demand,,,RunPod,exact-gpu,H200 SXM,1,Linux,global,3.79,,exact,,
8 x H200 SXM,H200 SXM,8,Ubuntu,1mo,2.8813,2103.0,RunPod,exact-gpu,H200 SXM,1,Linux,global,3.5106,2563.0,synth,-17.9,"est from H200 NVL (6mo, x1.064)"
8 x H200 SXM,H200 SXM,8,Ubuntu,6mo,2.7085,11863.0,RunPod,exact-gpu,H200 SXM,1,Linux,global,3.3,14454.0,exact,-17.9,
8 x H200 SXM,H200 SXM,8,Ubuntu,12mo,2.5459,22302.0,RunPod,exact-gpu,H200 SXM,1,Linux,global,3.102,27174.0,synth,-17.9,"est from H200 NVL (6mo, x0.940)"
8 x H200 SXM,H200 SXM,8,Ubuntu,24mo,2.3932,41929.0,RunPod,exact-gpu,H200 SXM,1,Linux,global,3.7872,66352.0,synth,-36.8,"est from H200 NVL (36mo, x1.064)"
8 x H200 SXM,H200 SXM,8,Ubuntu,36mo,2.2496,59119.0,RunPod,exact-gpu,H200 SXM,1,Linux,global,3.56,93557.0,exact,-36.8,
8 x H200 SXM,H200 SXM,8,Ubuntu,on_demand,,,Vultr,nearest-gpu(Δ3),L40S,8,Linux,,1.5596,,exact,,
8 x H200 SXM,H200 SXM,8,Ubuntu,1mo,2.8813,2103.0,Vultr,nearest-gpu(Δ3),L40S,8,Linux,,1.5596,1139.0,synth,84.7,"est from on_demand (on_demand, x1.000)"
8 x H200 SXM,H200 SXM,8,Ubuntu,6mo,2.7085,11863.0,Vultr,nearest-gpu(Δ3),L40S,8,Linux,,1.5596,6831.0,synth,73.7,"est from on_demand (on_demand, x1.000)"
8 x H200 SXM,H200 SXM,8,Ubuntu,12mo,2.5459,22302.0,Vultr,nearest-gpu(Δ3),L40S,8,Linux,,1.5596,13662.0,synth,63.2,"est from on_demand (on_demand, x1.000)"
8 x H200 SXM,H200 SXM,8,Ubuntu,24mo,2.3932,41929.0,Vultr,nearest-gpu(Δ3),L40S,8,Linux,,1.5596,27324.0,synth,53.4,"est from on_demand (on_demand, x1.000)"
8 x H200 SXM,H200 SXM,8,Ubuntu,36mo,2.2496,59119.0,Vultr,nearest-gpu(Δ3),L40S,8,Linux,,1.5596,40986.0,synth,44.2,"est from on_demand (on_demand, x1.000)"
1 x L4,L4,1,Ubuntu,on_demand,1.1098,,Azure,nearest-gpu(Δ2),H100 NVL,1,Linux,eastus,6.98,,exact,-84.1,
1 x L4,L4,1,Ubuntu,1mo,0.7297,533.0,Azure,nearest-gpu(Δ2),H100 NVL,1,Linux,eastus,6.6421,4849.0,synth,-89.0,"est from Standard_NC40ads_H100_v5 (12mo, x1.144)"
1 x L4,L4,1,Ubuntu,6mo,0.6823,2989.0,Azure,nearest-gpu(Δ2),H100 NVL,1,Linux,eastus,6.2104,27201.0,synth,-89.0,"est from Standard_NC40ads_H100_v5 (12mo, x1.070)"
1 x L4,L4,1,Ubuntu,12mo,0.638,5589.0,Azure,nearest-gpu(Δ2),H100 NVL,1,Linux,eastus,5.8067,50867.0,exact,-89.0,
1 x L4,L4,1,Ubuntu,24mo,0.5965,10451.0,Azure,nearest-gpu(Δ2),H100 NVL,1,Linux,eastus,5.4293,95121.0,synth,-89.0,"est from Standard_NC40ads_H100_v5 (12mo, x0.935)"
1 x L4,L4,1,Ubuntu,36mo,0.5577,14657.0,Azure,nearest-gpu(Δ2),H100 NVL,1,Linux,eastus,4.306,113162.0,exact,-87.0,
1 x L4,L4,1,Ubuntu,on_demand,1.1098,,Azure,nearest-gpu(Δ3),H100 SXM,8,Linux,eastus,12.29,,exact,-91.0,
1 x L4,L4,1,Ubuntu,1mo,0.7297,533.0,Azure,nearest-gpu(Δ3),H100 SXM,8,Linux,eastus,8.0811,5899.0,synth,-91.0,"est from Standard_ND96isr_H100_v5 (on_demand, x0.658)"
1 x L4,L4,1,Ubuntu,6mo,0.6823,2989.0,Azure,nearest-gpu(Δ3),H100 SXM,8,Linux,eastus,7.5558,33095.0,synth,-91.0,"est from Standard_ND96isr_H100_v5 (on_demand, x0.615)"
1 x L4,L4,1,Ubuntu,12mo,0.638,5589.0,Azure,nearest-gpu(Δ3),H100 SXM,8,Linux,eastus,7.0647,61887.0,synth,-91.0,"est from Standard_ND96isr_H100_v5 (on_demand, x0.575)"
1 x L4,L4,1,Ubuntu,24mo,0.5965,10451.0,Azure,nearest-gpu(Δ3),H100 SXM,8,Linux,eastus,6.6055,115728.0,synth,-91.0,"est from Standard_ND96isr_H100_v5 (on_demand, x0.537)"
1 x L4,L4,1,Ubuntu,36mo,0.5577,14657.0,Azure,nearest-gpu(Δ3),H100 SXM,8,Linux,eastus,6.1761,162308.0,synth,-91.0,"est from Standard_ND96isr_H100_v5 (on_demand, x0.503)"
1 x L4,L4,1,Ubuntu,on_demand,1.1098,,OCI,nearest-gpu(Δ1),L40S,1,Linux,global,0.6,,exact,85.0,
1 x L4,L4,1,Ubuntu,1mo,0.7297,533.0,OCI,nearest-gpu(Δ1),L40S,1,Linux,global,0.3945,288.0,synth,85.0,"est from Oracle Compute Cloud@Customer - Compute - GPU.L40S - Resource Commit (on_demand, x0.658)"
1 x L4,L4,1,Ubuntu,6mo,0.6823,2989.0,OCI,nearest-gpu(Δ1),L40S,1,Linux,global,0.3689,1616.0,synth,85.0,"est from Oracle Compute Cloud@Customer - Compute - GPU.L40S - Resource Commit (on_demand, x0.615)"
1 x L4,L4,1,Ubuntu,12mo,0.638,5589.0,OCI,nearest-gpu(Δ1),L40S,1,Linux,global,0.3449,3021.0,synth,85.0,"est from Oracle Compute Cloud@Customer - Compute - GPU.L40S - Resource Commit (on_demand, x0.575)"
1 x L4,L4,1,Ubuntu,24mo,0.5965,10451.0,OCI,nearest-gpu(Δ1),L40S,1,Linux,global,0.3225,5650.0,synth,85.0,"est from Oracle Compute Cloud@Customer - Compute - GPU.L40S - Resource Commit (on_demand, x0.537)"
1 x L4,L4,1,Ubuntu,36mo,0.5577,14657.0,OCI,nearest-gpu(Δ1),L40S,1,Linux,global,0.3015,7924.0,synth,85.0,"est from Oracle Compute Cloud@Customer - Compute - GPU.L40S - Resource Commit (on_demand, x0.503)"
1 x L4,L4,1,Ubuntu,on_demand,1.1098,,OCI,nearest-gpu(Δ3),H100 SXM,1,Linux,global,10.0,,exact,-88.9,
1 x L4,L4,1,Ubuntu,1mo,0.7297,533.0,OCI,nearest-gpu(Δ3),H100 SXM,1,Linux,global,6.5753,4800.0,synth,-88.9,"est from Oracle Cloud Infrastructure - Compute - GPU - H100 (on_demand, x0.658)"
1 x L4,L4,1,Ubuntu,6mo,0.6823,2989.0,OCI,nearest-gpu(Δ3),H100 SXM,1,Linux,global,6.1479,26928.0,synth,-88.9,"est from Oracle Cloud Infrastructure - Compute - GPU - H100 (on_demand, x0.615)"
1 x L4,L4,1,Ubuntu,12mo,0.638,5589.0,OCI,nearest-gpu(Δ3),H100 SXM,1,Linux,global,5.7483,50355.0,synth,-88.9,"est from Oracle Cloud Infrastructure - Compute - GPU - H100 (on_demand, x0.575)"
1 x L4,L4,1,Ubuntu,24mo,0.5965,10451.0,OCI,nearest-gpu(Δ3),H100 SXM,1,Linux,global,5.3747,94165.0,synth,-88.9,"est from Oracle Cloud Infrastructure - Compute - GPU - H100 (on_demand, x0.537)"
1 x L4,L4,1,Ubuntu,36mo,0.5577,14657.0,OCI,nearest-gpu(Δ3),H100 SXM,1,Linux,global,5.0253,132065.0,synth,-88.9,"est from Oracle Cloud Infrastructure - Compute - GPU - H100 (on_demand, x0.503)"
1 x L4,L4,1,Ubuntu,on_demand,1.1098,,AWS EC2,exact-gpu,L4,1,Linux,ap-south-1,0.9664,,exact,14.8,
1 x L4,L4,1,Ubuntu,1mo,0.7297,533.0,AWS EC2,exact-gpu,L4,1,Linux,ap-south-1,0.7196,525.0,synth,1.4,"est from g6.xlarge (12mo, x1.144)"
1 x L4,L4,1,Ubuntu,6mo,0.6823,2989.0,AWS EC2,exact-gpu,L4,1,Linux,ap-south-1,0.6728,2947.0,synth,1.4,"est from g6.xlarge (12mo, x1.070)"
1 x L4,L4,1,Ubuntu,12mo,0.638,5589.0,AWS EC2,exact-gpu,L4,1,Linux,ap-south-1,0.6291,5511.0,exact,1.4,
1 x L4,L4,1,Ubuntu,24mo,0.5965,10451.0,AWS EC2,exact-gpu,L4,1,Linux,ap-south-1,0.5882,10305.0,synth,1.4,"est from g6.xlarge (12mo, x0.935)"
1 x L4,L4,1,Ubuntu,36mo,0.5577,14657.0,AWS EC2,exact-gpu,L4,1,Linux,ap-south-1,0.4436,11658.0,exact,25.7,
1 x L4,L4,1,Ubuntu,on_demand,1.1098,,AWS SageMaker,exact-gpu,L4,1,Linux,ap-south-1,1.353,,exact,-18.0,
1 x L4,L4,1,Ubuntu,1mo,0.7297,533.0,AWS SageMaker,exact-gpu,L4,1,Linux,ap-south-1,0.8896,649.0,synth,-18.0,"est from ml.g6.xlarge (on_demand, x0.658)"
1 x L4,L4,1,Ubuntu,6mo,0.6823,2989.0,AWS SageMaker,exact-gpu,L4,1,Linux,ap-south-1,0.8318,3643.0,synth,-18.0,"est from ml.g6.xlarge (on_demand, x0.615)"
1 x L4,L4,1,Ubuntu,12mo,0.638,5589.0,AWS SageMaker,exact-gpu,L4,1,Linux,ap-south-1,0.7777,6813.0,synth,-18.0,"est from ml.g6.xlarge (on_demand, x0.575)"
1 x L4,L4,1,Ubuntu,24mo,0.5965,10451.0,AWS SageMaker,exact-gpu,L4,1,Linux,ap-south-1,0.7272,12740.0,synth,-18.0,"est from ml.g6.xlarge (on_demand, x0.537)"
1 x L4,L4,1,Ubuntu,36mo,0.5577,14657.0,AWS SageMaker,exact-gpu,L4,1,Linux,ap-south-1,0.6799,17868.0,synth,-18.0,"est from ml.g6.xlarge (on_demand, x0.503)"
1 x L4,L4,1,Ubuntu,on_demand,1.1098,,GCP,exact-gpu,L4,1,Linux,asia-south1,0.583,,exact,90.4,
1 x L4,L4,1,Ubuntu,1mo,0.7297,533.0,GCP,exact-gpu,L4,1,Linux,asia-south1,0.4201,307.0,synth,73.7,"est from Commitment v1: Nvidia L4 GPU running in Mumbai for 1 Year (12mo, x1.144)"
1 x L4,L4,1,Ubuntu,6mo,0.6823,2989.0,GCP,exact-gpu,L4,1,Linux,asia-south1,0.3928,1721.0,synth,73.7,"est from Commitment v1: Nvidia L4 GPU running in Mumbai for 1 Year (12mo, x1.070)"
1 x L4,L4,1,Ubuntu,12mo,0.638,5589.0,GCP,exact-gpu,L4,1,Linux,asia-south1,0.3673,3218.0,exact,73.7,
1 x L4,L4,1,Ubuntu,24mo,0.5965,10451.0,GCP,exact-gpu,L4,1,Linux,asia-south1,0.3434,6017.0,synth,73.7,"est from Commitment v1: Nvidia L4 GPU running in Mumbai for 1 Year (12mo, x0.935)"
1 x L4,L4,1,Ubuntu,36mo,0.5577,14657.0,GCP,exact-gpu,L4,1,Linux,asia-south1,0.2623,6893.0,exact,112.6,
1 x L4,L4,1,Ubuntu,on_demand,1.1098,,RunPod,exact-gpu,L4,1,Linux,global,0.39,,exact,184.6,
1 x L4,L4,1,Ubuntu,1mo,0.7297,533.0,RunPod,exact-gpu,L4,1,Linux,global,0.3529,258.0,synth,106.8,"est from L4 (6mo, x1.070)"
1 x L4,L4,1,Ubuntu,6mo,0.6823,2989.0,RunPod,exact-gpu,L4,1,Linux,global,0.33,1445.0,exact,106.8,
1 x L4,L4,1,Ubuntu,12mo,0.638,5589.0,RunPod,exact-gpu,L4,1,Linux,global,0.3086,2703.0,synth,106.8,"est from L4 (6mo, x0.935)"
1 x L4,L4,1,Ubuntu,24mo,0.5965,10451.0,RunPod,exact-gpu,L4,1,Linux,global,0.3636,6371.0,synth,64.0,"est from L4 (36mo, x1.070)"
1 x L4,L4,1,Ubuntu,36mo,0.5577,14657.0,RunPod,exact-gpu,L4,1,Linux,global,0.34,8935.0,exact,64.0,
1 x L4,L4,1,Ubuntu,on_demand,1.1098,,Vultr,nearest-gpu(Δ1),L40S,1,Linux,,1.5596,,exact,-28.8,
1 x L4,L4,1,Ubuntu,1mo,0.7297,533.0,Vultr,nearest-gpu(Δ1),L40S,1,Linux,,1.0255,749.0,synth,-28.8,"est from on_demand (on_demand, x0.658)"
1 x L4,L4,1,Ubuntu,6mo,0.6823,2989.0,Vultr,nearest-gpu(Δ1),L40S,1,Linux,,0.9588,4200.0,synth,-28.8,"est from on_demand (on_demand, x0.615)"
1 x L4,L4,1,Ubuntu,12mo,0.638,5589.0,Vultr,nearest-gpu(Δ1),L40S,1,Linux,,0.8965,7853.0,synth,-28.8,"est from on_demand (on_demand, x0.575)"
1 x L4,L4,1,Ubuntu,24mo,0.5965,10451.0,Vultr,nearest-gpu(Δ1),L40S,1,Linux,,0.8382,14686.0,synth,-28.8,"est from on_demand (on_demand, x0.537)"
1 x L4,L4,1,Ubuntu,36mo,0.5577,14657.0,Vultr,nearest-gpu(Δ1),L40S,1,Linux,,0.7837,20597.0,synth,-28.8,"est from on_demand (on_demand, x0.503)"
2 x L4,L4,2,Ubuntu,on_demand,1.1098,,Azure,nearest-gpu(Δ2),H100 NVL,2,Linux,eastus,6.98,,exact,-84.1,
2 x L4,L4,2,Ubuntu,1mo,0.7297,533.0,Azure,nearest-gpu(Δ2),H100 NVL,2,Linux,eastus,6.6421,4849.0,synth,-89.0,"est from Standard_NC80adis_H100_v5 (12mo, x1.144)"
2 x L4,L4,2,Ubuntu,6mo,0.6823,2989.0,Azure,nearest-gpu(Δ2),H100 NVL,2,Linux,eastus,6.2104,27201.0,synth,-89.0,"est from Standard_NC80adis_H100_v5 (12mo, x1.070)"
2 x L4,L4,2,Ubuntu,12mo,0.638,5589.0,Azure,nearest-gpu(Δ2),H100 NVL,2,Linux,eastus,5.8067,50867.0,exact,-89.0,
2 x L4,L4,2,Ubuntu,24mo,0.5965,10451.0,Azure,nearest-gpu(Δ2),H100 NVL,2,Linux,eastus,5.4293,95121.0,synth,-89.0,"est from Standard_NC80adis_H100_v5 (12mo, x0.935)"
2 x L4,L4,2,Ubuntu,36mo,0.5577,14657.0,Azure,nearest-gpu(Δ2),H100 NVL,2,Linux,eastus,4.306,113162.0,exact,-87.0,
2 x L4,L4,2,Ubuntu,on_demand,1.1098,,Azure,nearest-gpu(Δ3),H100 SXM,8,Linux,eastus,12.29,,exact,-91.0,
2 x L4,L4,2,Ubuntu,1mo,0.7297,533.0,Azure,nearest-gpu(Δ3),H100 SXM,8,Linux,eastus,8.0811,5899.0,synth,-91.0,"est from Standard_ND96isr_H100_v5 (on_demand, x0.658)"
2 x L4,L4,2,Ubuntu,6mo,0.6823,2989.0,Azure,nearest-gpu(Δ3),H100 SXM,8,Linux,eastus,7.5558,33095.0,synth,-91.0,"est from Standard_ND96isr_H100_v5 (on_demand, x0.615)"
2 x L4,L4,2,Ubuntu,12mo,0.638,5589.0,Azure,nearest-gpu(Δ3),H100 SXM,8,Linux,eastus,7.0647,61887.0,synth,-91.0,"est from Standard_ND96isr_H100_v5 (on_demand, x0.575)"
2 x L4,L4,2,Ubuntu,24mo,0.5965,10451.0,Azure,nearest-gpu(Δ3),H100 SXM,8,Linux,eastus,6.6055,115728.0,synth,-91.0,"est from Standard_ND96isr_H100_v5 (on_demand, x0.537)"
2 x L4,L4,2,Ubuntu,36mo,0.5577,14657.0,Azure,nearest-gpu(Δ3),H100 SXM,8,Linux,eastus,6.1761,162308.0,synth,-91.0,"est from Standard_ND96isr_H100_v5 (on_demand, x0.503)"
2 x L4,L4,2,Ubuntu,on_demand,1.1098,,OCI,nearest-gpu(Δ1),L40S,1,Linux,global,0.6,,exact,85.0,
2 x L4,L4,2,Ubuntu,1mo,0.7297,533.0,OCI,nearest-gpu(Δ1),L40S,1,Linux,global,0.3945,288.0,synth,85.0,"est from Oracle Compute Cloud@Customer - Compute - GPU.L40S - Resource Commit (on_demand, x0.658)"
2 x L4,L4,2,Ubuntu,6mo,0.6823,2989.0,OCI,nearest-gpu(Δ1),L40S,1,Linux,global,0.3689,1616.0,synth,85.0,"est from Oracle Compute Cloud@Customer - Compute - GPU.L40S - Resource Commit (on_demand, x0.615)"
2 x L4,L4,2,Ubuntu,12mo,0.638,5589.0,OCI,nearest-gpu(Δ1),L40S,1,Linux,global,0.3449,3021.0,synth,85.0,"est from Oracle Compute Cloud@Customer - Compute - GPU.L40S - Resource Commit (on_demand, x0.575)"
2 x L4,L4,2,Ubuntu,24mo,0.5965,10451.0,OCI,nearest-gpu(Δ1),L40S,1,Linux,global,0.3225,5650.0,synth,85.0,"est from Oracle Compute Cloud@Customer - Compute - GPU.L40S - Resource Commit (on_demand, x0.537)"
2 x L4,L4,2,Ubuntu,36mo,0.5577,14657.0,OCI,nearest-gpu(Δ1),L40S,1,Linux,global,0.3015,7924.0,synth,85.0,"est from Oracle Compute Cloud@Customer - Compute - GPU.L40S - Resource Commit (on_demand, x0.503)"
2 x L4,L4,2,Ubuntu,on_demand,1.1098,,OCI,nearest-gpu(Δ3),H100 SXM,1,Linux,global,10.0,,exact,-88.9,
2 x L4,L4,2,Ubuntu,1mo,0.7297,533.0,OCI,nearest-gpu(Δ3),H100 SXM,1,Linux,global,6.5753,4800.0,synth,-88.9,"est from Oracle Cloud Infrastructure - Compute - GPU - H100 (on_demand, x0.658)"
2 x L4,L4,2,Ubuntu,6mo,0.6823,2989.0,OCI,nearest-gpu(Δ3),H100 SXM,1,Linux,global,6.1479,26928.0,synth,-88.9,"est from Oracle Cloud Infrastructure - Compute - GPU - H100 (on_demand, x0.615)"
2 x L4,L4,2,Ubuntu,12mo,0.638,5589.0,OCI,nearest-gpu(Δ3),H100 SXM,1,Linux,global,5.7483,50355.0,synth,-88.9,"est from Oracle Cloud Infrastructure - Compute - GPU - H100 (on_demand, x0.575)"
2 x L4,L4,2,Ubuntu,24mo,0.5965,10451.0,OCI,nearest-gpu(Δ3),H100 SXM,1,Linux,global,5.3747,94165.0,synth,-88.9,"est from Oracle Cloud Infrastructure - Compute - GPU - H100 (on_demand, x0.537)"
2 x L4,L4,2,Ubuntu,36mo,0.5577,14657.0,OCI,nearest-gpu(Δ3),H100 SXM,1,Linux,global,5.0253,132065.0,synth,-88.9,"est from Oracle Cloud Infrastructure - Compute - GPU - H100 (on_demand, x0.503)"
2 x L4,L4,2,Ubuntu,on_demand,1.1098,,AWS EC2,exact-gpu,L4,1,Linux,ap-south-1,0.9664,,exact,14.8,
2 x L4,L4,2,Ubuntu,1mo,0.7297,533.0,AWS EC2,exact-gpu,L4,1,Linux,ap-south-1,0.7196,525.0,synth,1.4,"est from g6.xlarge (12mo, x1.144)"
2 x L4,L4,2,Ubuntu,6mo,0.6823,2989.0,AWS EC2,exact-gpu,L4,1,Linux,ap-south-1,0.6728,2947.0,synth,1.4,"est from g6.xlarge (12mo, x1.070)"
2 x L4,L4,2,Ubuntu,12mo,0.638,5589.0,AWS EC2,exact-gpu,L4,1,Linux,ap-south-1,0.6291,5511.0,exact,1.4,
2 x L4,L4,2,Ubuntu,24mo,0.5965,10451.0,AWS EC2,exact-gpu,L4,1,Linux,ap-south-1,0.5882,10305.0,synth,1.4,"est from g6.xlarge (12mo, x0.935)"
2 x L4,L4,2,Ubuntu,36mo,0.5577,14657.0,AWS EC2,exact-gpu,L4,1,Linux,ap-south-1,0.4436,11658.0,exact,25.7,
2 x L4,L4,2,Ubuntu,on_demand,1.1098,,AWS SageMaker,exact-gpu,L4,1,Linux,ap-south-1,1.353,,exact,-18.0,
2 x L4,L4,2,Ubuntu,1mo,0.7297,533.0,AWS SageMaker,exact-gpu,L4,1,Linux,ap-south-1,0.8896,649.0,synth,-18.0,"est from ml.g6.xlarge (on_demand, x0.658)"
2 x L4,L4,2,Ubuntu,6mo,0.6823,2989.0,AWS SageMaker,exact-gpu,L4,1,Linux,ap-south-1,0.8318,3643.0,synth,-18.0,"est from ml.g6.xlarge (on_demand, x0.615)"
2 x L4,L4,2,Ubuntu,12mo,0.638,5589.0,AWS SageMaker,exact-gpu,L4,1,Linux,ap-south-1,0.7777,6813.0,synth,-18.0,"est from ml.g6.xlarge (on_demand, x0.575)"
2 x L4,L4,2,Ubuntu,24mo,0.5965,10451.0,AWS SageMaker,exact-gpu,L4,1,Linux,ap-south-1,0.7272,12740.0,synth,-18.0,"est from ml.g6.xlarge (on_demand, x0.537)"
2 x L4,L4,2,Ubuntu,36mo,0.5577,14657.0,AWS SageMaker,exact-gpu,L4,1,Linux,ap-south-1,0.6799,17868.0,synth,-18.0,"est from ml.g6.xlarge (on_demand, x0.503)"
2 x L4,L4,2,Ubuntu,on_demand,1.1098,,GCP,exact-gpu,L4,1,Linux,asia-south1,0.583,,exact,90.4,
2 x L4,L4,2,Ubuntu,1mo,0.7297,533.0,GCP,exact-gpu,L4,1,Linux,asia-south1,0.4201,307.0,synth,73.7,"est from Commitment v1: Nvidia L4 GPU running in Mumbai for 1 Year (12mo, x1.144)"
2 x L4,L4,2,Ubuntu,6mo,0.6823,2989.0,GCP,exact-gpu,L4,1,Linux,asia-south1,0.3928,1721.0,synth,73.7,"est from Commitment v1: Nvidia L4 GPU running in Mumbai for 1 Year (12mo, x1.070)"
2 x L4,L4,2,Ubuntu,12mo,0.638,5589.0,GCP,exact-gpu,L4,1,Linux,asia-south1,0.3673,3218.0,exact,73.7,
2 x L4,L4,2,Ubuntu,24mo,0.5965,10451.0,GCP,exact-gpu,L4,1,Linux,asia-south1,0.3434,6017.0,synth,73.7,"est from Commitment v1: Nvidia L4 GPU running in Mumbai for 1 Year (12mo, x0.935)"
2 x L4,L4,2,Ubuntu,36mo,0.5577,14657.0,GCP,exact-gpu,L4,1,Linux,asia-south1,0.2623,6893.0,exact,112.6,
2 x L4,L4,2,Ubuntu,on_demand,1.1098,,RunPod,exact-gpu,L4,1,Linux,global,0.39,,exact,184.6,
2 x L4,L4,2,Ubuntu,1mo,0.7297,533.0,RunPod,exact-gpu,L4,1,Linux,global,0.3529,258.0,synth,106.8,"est from L4 (6mo, x1.070)"
2 x L4,L4,2,Ubuntu,6mo,0.6823,2989.0,RunPod,exact-gpu,L4,1,Linux,global,0.33,1445.0,exact,106.8,
2 x L4,L4,2,Ubuntu,12mo,0.638,5589.0,RunPod,exact-gpu,L4,1,Linux,global,0.3086,2703.0,synth,106.8,"est from L4 (6mo, x0.935)"
2 x L4,L4,2,Ubuntu,24mo,0.5965,10451.0,RunPod,exact-gpu,L4,1,Linux,global,0.3636,6371.0,synth,64.0,"est from L4 (36mo, x1.070)"
2 x L4,L4,2,Ubuntu,36mo,0.5577,14657.0,RunPod,exact-gpu,L4,1,Linux,global,0.34,8935.0,exact,64.0,
2 x L4,L4,2,Ubuntu,on_demand,1.1098,,Vultr,nearest-gpu(Δ1),L40S,2,Linux,,1.5596,,exact,-28.8,
2 x L4,L4,2,Ubuntu,1mo,0.7297,533.0,Vultr,nearest-gpu(Δ1),L40S,2,Linux,,1.0255,749.0,synth,-28.8,"est from on_demand (on_demand, x0.658)"
2 x L4,L4,2,Ubuntu,6mo,0.6823,2989.0,Vultr,nearest-gpu(Δ1),L40S,2,Linux,,0.9588,4200.0,synth,-28.8,"est from on_demand (on_demand, x0.615)"
2 x L4,L4,2,Ubuntu,12mo,0.638,5589.0,Vultr,nearest-gpu(Δ1),L40S,2,Linux,,0.8965,7853.0,synth,-28.8,"est from on_demand (on_demand, x0.575)"
2 x L4,L4,2,Ubuntu,24mo,0.5965,10451.0,Vultr,nearest-gpu(Δ1),L40S,2,Linux,,0.8382,14686.0,synth,-28.8,"est from on_demand (on_demand, x0.537)"
2 x L4,L4,2,Ubuntu,36mo,0.5577,14657.0,Vultr,nearest-gpu(Δ1),L40S,2,Linux,,0.7837,20597.0,synth,-28.8,"est from on_demand (on_demand, x0.503)"
4 x L4,L4,4,Ubuntu,on_demand,1.1098,,Azure,nearest-gpu(Δ2),H100 NVL,2,Linux,eastus,6.98,,exact,-84.1,
4 x L4,L4,4,Ubuntu,1mo,0.7297,533.0,Azure,nearest-gpu(Δ2),H100 NVL,2,Linux,eastus,6.6421,4849.0,synth,-89.0,"est from Standard_NC80adis_H100_v5 (12mo, x1.144)"
4 x L4,L4,4,Ubuntu,6mo,0.6823,2989.0,Azure,nearest-gpu(Δ2),H100 NVL,2,Linux,eastus,6.2104,27201.0,synth,-89.0,"est from Standard_NC80adis_H100_v5 (12mo, x1.070)"
4 x L4,L4,4,Ubuntu,12mo,0.638,5589.0,Azure,nearest-gpu(Δ2),H100 NVL,2,Linux,eastus,5.8067,50867.0,exact,-89.0,
4 x L4,L4,4,Ubuntu,24mo,0.5965,10451.0,Azure,nearest-gpu(Δ2),H100 NVL,2,Linux,eastus,5.4293,95121.0,synth,-89.0,"est from Standard_NC80adis_H100_v5 (12mo, x0.935)"
4 x L4,L4,4,Ubuntu,36mo,0.5577,14657.0,Azure,nearest-gpu(Δ2),H100 NVL,2,Linux,eastus,4.306,113162.0,exact,-87.0,
4 x L4,L4,4,Ubuntu,on_demand,1.1098,,Azure,nearest-gpu(Δ3),H100 SXM,8,Linux,eastus,12.29,,exact,-91.0,
4 x L4,L4,4,Ubuntu,1mo,0.7297,533.0,Azure,nearest-gpu(Δ3),H100 SXM,8,Linux,eastus,8.0811,5899.0,synth,-91.0,"est from Standard_ND96isr_H100_v5 (on_demand, x0.658)"
4 x L4,L4,4,Ubuntu,6mo,0.6823,2989.0,Azure,nearest-gpu(Δ3),H100 SXM,8,Linux,eastus,7.5558,33095.0,synth,-91.0,"est from Standard_ND96isr_H100_v5 (on_demand, x0.615)"
4 x L4,L4,4,Ubuntu,12mo,0.638,5589.0,Azure,nearest-gpu(Δ3),H100 SXM,8,Linux,eastus,7.0647,61887.0,synth,-91.0,"est from Standard_ND96isr_H100_v5 (on_demand, x0.575)"
4 x L4,L4,4,Ubuntu,24mo,0.5965,10451.0,Azure,nearest-gpu(Δ3),H100 SXM,8,Linux,eastus,6.6055,115728.0,synth,-91.0,"est from Standard_ND96isr_H100_v5 (on_demand, x0.537)"
4 x L4,L4,4,Ubuntu,36mo,0.5577,14657.0,Azure,nearest-gpu(Δ3),H100 SXM,8,Linux,eastus,6.1761,162309.0,synth,-91.0,"est from Standard_ND96isr_H100_v5 (on_demand, x0.503)"
4 x L4,L4,4,Ubuntu,on_demand,1.1098,,OCI,nearest-gpu(Δ1),L40S,1,Linux,global,0.6,,exact,85.0,
4 x L4,L4,4,Ubuntu,1mo,0.7297,533.0,OCI,nearest-gpu(Δ1),L40S,1,Linux,global,0.3945,288.0,synth,85.0,"est from Oracle Compute Cloud@Customer - Compute - GPU.L40S - Resource Commit (on_demand, x0.658)"
4 x L4,L4,4,Ubuntu,6mo,0.6823,2989.0,OCI,nearest-gpu(Δ1),L40S,1,Linux,global,0.3689,1616.0,synth,85.0,"est from Oracle Compute Cloud@Customer - Compute - GPU.L40S - Resource Commit (on_demand, x0.615)"
4 x L4,L4,4,Ubuntu,12mo,0.638,5589.0,OCI,nearest-gpu(Δ1),L40S,1,Linux,global,0.3449,3021.0,synth,85.0,"est from Oracle Compute Cloud@Customer - Compute - GPU.L40S - Resource Commit (on_demand, x0.575)"
4 x L4,L4,4,Ubuntu,24mo,0.5965,10451.0,OCI,nearest-gpu(Δ1),L40S,1,Linux,global,0.3225,5650.0,synth,85.0,"est from Oracle Compute Cloud@Customer - Compute - GPU.L40S - Resource Commit (on_demand, x0.537)"
4 x L4,L4,4,Ubuntu,36mo,0.5577,14657.0,OCI,nearest-gpu(Δ1),L40S,1,Linux,global,0.3015,7924.0,synth,85.0,"est from Oracle Compute Cloud@Customer - Compute - GPU.L40S - Resource Commit (on_demand, x0.503)"
4 x L4,L4,4,Ubuntu,on_demand,1.1098,,OCI,nearest-gpu(Δ3),H100 SXM,1,Linux,global,10.0,,exact,-88.9,
4 x L4,L4,4,Ubuntu,1mo,0.7297,533.0,OCI,nearest-gpu(Δ3),H100 SXM,1,Linux,global,6.5753,4800.0,synth,-88.9,"est from Oracle Cloud Infrastructure - Compute - GPU - H100 (on_demand, x0.658)"
4 x L4,L4,4,Ubuntu,6mo,0.6823,2989.0,OCI,nearest-gpu(Δ3),H100 SXM,1,Linux,global,6.1479,26928.0,synth,-88.9,"est from Oracle Cloud Infrastructure - Compute - GPU - H100 (on_demand, x0.615)"
4 x L4,L4,4,Ubuntu,12mo,0.638,5589.0,OCI,nearest-gpu(Δ3),H100 SXM,1,Linux,global,5.7483,50355.0,synth,-88.9,"est from Oracle Cloud Infrastructure - Compute - GPU - H100 (on_demand, x0.575)"
4 x L4,L4,4,Ubuntu,24mo,0.5965,10451.0,OCI,nearest-gpu(Δ3),H100 SXM,1,Linux,global,5.3747,94165.0,synth,-88.9,"est from Oracle Cloud Infrastructure - Compute - GPU - H100 (on_demand, x0.537)"
4 x L4,L4,4,Ubuntu,36mo,0.5577,14657.0,OCI,nearest-gpu(Δ3),H100 SXM,1,Linux,global,5.0253,132066.0,synth,-88.9,"est from Oracle Cloud Infrastructure - Compute - GPU - H100 (on_demand, x0.503)"
4 x L4,L4,4,Ubuntu,on_demand,1.1098,,AWS EC2,exact-gpu,L4,4,Linux,ap-south-1,1.3814,,exact,-19.7,
4 x L4,L4,4,Ubuntu,1mo,0.7297,533.0,AWS EC2,exact-gpu,L4,4,Linux,ap-south-1,1.0287,751.0,synth,-29.1,"est from g6.12xlarge (12mo, x1.144)"
4 x L4,L4,4,Ubuntu,6mo,0.6823,2989.0,AWS EC2,exact-gpu,L4,4,Linux,ap-south-1,0.9618,4213.0,synth,-29.1,"est from g6.12xlarge (12mo, x1.070)"
4 x L4,L4,4,Ubuntu,12mo,0.638,5589.0,AWS EC2,exact-gpu,L4,4,Linux,ap-south-1,0.8993,7878.0,exact,-29.1,
4 x L4,L4,4,Ubuntu,24mo,0.5965,10451.0,AWS EC2,exact-gpu,L4,4,Linux,ap-south-1,0.8408,14732.0,synth,-29.1,"est from g6.12xlarge (12mo, x0.935)"
4 x L4,L4,4,Ubuntu,36mo,0.5577,14657.0,AWS EC2,exact-gpu,L4,4,Linux,ap-south-1,0.6341,16664.0,exact,-12.0,
4 x L4,L4,4,Ubuntu,on_demand,1.1098,,AWS SageMaker,exact-gpu,L4,4,Linux,ap-south-1,1.7268,,exact,-35.7,
4 x L4,L4,4,Ubuntu,1mo,0.7297,533.0,AWS SageMaker,exact-gpu,L4,4,Linux,ap-south-1,1.1354,829.0,synth,-35.7,"est from ml.g6.12xlarge (on_demand, x0.658)"
4 x L4,L4,4,Ubuntu,6mo,0.6823,2989.0,AWS SageMaker,exact-gpu,L4,4,Linux,ap-south-1,1.0616,4650.0,synth,-35.7,"est from ml.g6.12xlarge (on_demand, x0.615)"
4 x L4,L4,4,Ubuntu,12mo,0.638,5589.0,AWS SageMaker,exact-gpu,L4,4,Linux,ap-south-1,0.9926,8695.0,synth,-35.7,"est from ml.g6.12xlarge (on_demand, x0.575)"
4 x L4,L4,4,Ubuntu,24mo,0.5965,10451.0,AWS SageMaker,exact-gpu,L4,4,Linux,ap-south-1,0.9281,16260.0,synth,-35.7,"est from ml.g6.12xlarge (on_demand, x0.537)"
4 x L4,L4,4,Ubuntu,36mo,0.5577,14657.0,AWS SageMaker,exact-gpu,L4,4,Linux,ap-south-1,0.8678,22805.0,synth,-35.7,"est from ml.g6.12xlarge (on_demand, x0.503)"
4 x L4,L4,4,Ubuntu,on_demand,1.1098,,GCP,exact-gpu,L4,1,Linux,asia-south1,0.583,,exact,90.4,
4 x L4,L4,4,Ubuntu,1mo,0.7297,533.0,GCP,exact-gpu,L4,1,Linux,asia-south1,0.4201,307.0,synth,73.7,"est from Commitment v1: Nvidia L4 GPU running in Mumbai for 1 Year (12mo, x1.144)"
4 x L4,L4,4,Ubuntu,6mo,0.6823,2989.0,GCP,exact-gpu,L4,1,Linux,asia-south1,0.3928,1721.0,synth,73.7,"est from Commitment v1: Nvidia L4 GPU running in Mumbai for 1 Year (12mo, x1.070)"
4 x L4,L4,4,Ubuntu,12mo,0.638,5589.0,GCP,exact-gpu,L4,1,Linux,asia-south1,0.3673,3218.0,exact,73.7,
4 x L4,L4,4,Ubuntu,24mo,0.5965,10451.0,GCP,exact-gpu,L4,1,Linux,asia-south1,0.3434,6017.0,synth,73.7,"est from Commitment v1: Nvidia L4 GPU running in Mumbai for 1 Year (12mo, x0.935)"
4 x L4,L4,4,Ubuntu,36mo,0.5577,14657.0,GCP,exact-gpu,L4,1,Linux,asia-south1,0.2623,6893.0,exact,112.6,
4 x L4,L4,4,Ubuntu,on_demand,1.1098,,RunPod,exact-gpu,L4,1,Linux,global,0.39,,exact,184.6,
4 x L4,L4,4,Ubuntu,1mo,0.7297,533.0,RunPod,exact-gpu,L4,1,Linux,global,0.3529,258.0,synth,106.8,"est from L4 (6mo, x1.070)"
4 x L4,L4,4,Ubuntu,6mo,0.6823,2989.0,RunPod,exact-gpu,L4,1,Linux,global,0.33,1445.0,exact,106.8,
4 x L4,L4,4,Ubuntu,12mo,0.638,5589.0,RunPod,exact-gpu,L4,1,Linux,global,0.3086,2703.0,synth,106.8,"est from L4 (6mo, x0.935)"
4 x L4,L4,4,Ubuntu,24mo,0.5965,10451.0,RunPod,exact-gpu,L4,1,Linux,global,0.3636,6371.0,synth,64.0,"est from L4 (36mo, x1.070)"
4 x L4,L4,4,Ubuntu,36mo,0.5577,14657.0,RunPod,exact-gpu,L4,1,Linux,global,0.34,8935.0,exact,64.0,
4 x L4,L4,4,Ubuntu,on_demand,1.1098,,Vultr,nearest-gpu(Δ1),L40S,4,Linux,,1.5596,,exact,-28.8,
4 x L4,L4,4,Ubuntu,1mo,0.7297,533.0,Vultr,nearest-gpu(Δ1),L40S,4,Linux,,1.0255,749.0,synth,-28.8,"est from on_demand (on_demand, x0.658)"
4 x L4,L4,4,Ubuntu,6mo,0.6823,2989.0,Vultr,nearest-gpu(Δ1),L40S,4,Linux,,0.9588,4200.0,synth,-28.8,"est from on_demand (on_demand, x0.615)"
4 x L4,L4,4,Ubuntu,12mo,0.638,5589.0,Vultr,nearest-gpu(Δ1),L40S,4,Linux,,0.8965,7853.0,synth,-28.8,"est from on_demand (on_demand, x0.575)"
4 x L4,L4,4,Ubuntu,24mo,0.5965,10451.0,Vultr,nearest-gpu(Δ1),L40S,4,Linux,,0.8382,14686.0,synth,-28.8,"est from on_demand (on_demand, x0.537)"
4 x L4,L4,4,Ubuntu,36mo,0.5577,14657.0,Vultr,nearest-gpu(Δ1),L40S,4,Linux,,0.7838,20597.0,synth,-28.8,"est from on_demand (on_demand, x0.503)"
1 x L40S,L40S,1,Ubuntu,on_demand,1.8497,,Azure,nearest-gpu(Δ1),H100 NVL,1,Linux,eastus,6.98,,exact,-73.5,
1 x L40S,L40S,1,Ubuntu,1mo,1.2162,888.0,Azure,nearest-gpu(Δ1),H100 NVL,1,Linux,eastus,6.6421,4849.0,synth,-81.7,"est from Standard_NC40ads_H100_v5 (12mo, x1.144)"
1 x L40S,L40S,1,Ubuntu,6mo,1.1372,4981.0,Azure,nearest-gpu(Δ1),H100 NVL,1,Linux,eastus,6.2104,27201.0,synth,-81.7,"est from Standard_NC40ads_H100_v5 (12mo, x1.070)"
1 x L40S,L40S,1,Ubuntu,12mo,1.0633,9314.0,Azure,nearest-gpu(Δ1),H100 NVL,1,Linux,eastus,5.8067,50867.0,exact,-81.7,
1 x L40S,L40S,1,Ubuntu,24mo,0.9942,17418.0,Azure,nearest-gpu(Δ1),H100 NVL,1,Linux,eastus,5.4293,95121.0,synth,-81.7,"est from Standard_NC40ads_H100_v5 (12mo, x0.935)"
1 x L40S,L40S,1,Ubuntu,36mo,0.9295,24428.0,Azure,nearest-gpu(Δ1),H100 NVL,1,Linux,eastus,4.306,113162.0,exact,-78.4,
1 x L40S,L40S,1,Ubuntu,on_demand,1.8497,,Azure,nearest-gpu(Δ2),H100 SXM,8,Linux,eastus,12.29,,exact,-84.9,
1 x L40S,L40S,1,Ubuntu,1mo,1.2162,888.0,Azure,nearest-gpu(Δ2),H100 SXM,8,Linux,eastus,8.0811,5899.0,synth,-84.9,"est from Standard_ND96isr_H100_v5 (on_demand, x0.658)"
1 x L40S,L40S,1,Ubuntu,6mo,1.1372,4981.0,Azure,nearest-gpu(Δ2),H100 SXM,8,Linux,eastus,7.5558,33095.0,synth,-84.9,"est from Standard_ND96isr_H100_v5 (on_demand, x0.615)"
1 x L40S,L40S,1,Ubuntu,12mo,1.0633,9314.0,Azure,nearest-gpu(Δ2),H100 SXM,8,Linux,eastus,7.0647,61887.0,synth,-84.9,"est from Standard_ND96isr_H100_v5 (on_demand, x0.575)"
1 x L40S,L40S,1,Ubuntu,24mo,0.9942,17418.0,Azure,nearest-gpu(Δ2),H100 SXM,8,Linux,eastus,6.6055,115729.0,synth,-84.9,"est from Standard_ND96isr_H100_v5 (on_demand, x0.537)"
1 x L40S,L40S,1,Ubuntu,36mo,0.9295,24428.0,Azure,nearest-gpu(Δ2),H100 SXM,8,Linux,eastus,6.1762,162310.0,synth,-84.9,"est from Standard_ND96isr_H100_v5 (on_demand, x0.503)"
1 x L40S,L40S,1,Ubuntu,on_demand,1.8497,,OCI,exact-gpu,L40S,1,Linux,global,0.6,,exact,208.3,
1 x L40S,L40S,1,Ubuntu,1mo,1.2162,888.0,OCI,exact-gpu,L40S,1,Linux,global,0.3945,288.0,synth,208.3,"est from Oracle Compute Cloud@Customer - Compute - GPU.L40S - Resource Commit (on_demand, x0.658)"
1 x L40S,L40S,1,Ubuntu,6mo,1.1372,4981.0,OCI,exact-gpu,L40S,1,Linux,global,0.3689,1616.0,synth,208.3,"est from Oracle Compute Cloud@Customer - Compute - GPU.L40S - Resource Commit (on_demand, x0.615)"
1 x L40S,L40S,1,Ubuntu,12mo,1.0633,9314.0,OCI,exact-gpu,L40S,1,Linux,global,0.3449,3021.0,synth,208.3,"est from Oracle Compute Cloud@Customer - Compute - GPU.L40S - Resource Commit (on_demand, x0.575)"
1 x L40S,L40S,1,Ubuntu,24mo,0.9942,17418.0,OCI,exact-gpu,L40S,1,Linux,global,0.3225,5650.0,synth,208.3,"est from Oracle Compute Cloud@Customer - Compute - GPU.L40S - Resource Commit (on_demand, x0.537)"
1 x L40S,L40S,1,Ubuntu,36mo,0.9295,24428.0,OCI,exact-gpu,L40S,1,Linux,global,0.3015,7924.0,synth,208.3,"est from Oracle Compute Cloud@Customer - Compute - GPU.L40S - Resource Commit (on_demand, x0.503)"
1 x L40S,L40S,1,Ubuntu,on_demand,1.8497,,AWS EC2,exact-gpu,L40S,1,Linux,ap-south-1,2.235,,exact,-17.2,
1 x L40S,L40S,1,Ubuntu,1mo,1.2162,888.0,AWS EC2,exact-gpu,L40S,1,Linux,ap-south-1,1.6107,1176.0,synth,-24.5,"est from g6e.xlarge (12mo, x1.144)"
1 x L40S,L40S,1,Ubuntu,6mo,1.1372,4981.0,AWS EC2,exact-gpu,L40S,1,Linux,ap-south-1,1.506,6596.0,synth,-24.5,"est from g6e.xlarge (12mo, x1.070)"
1 x L40S,L40S,1,Ubuntu,12mo,1.0633,9314.0,AWS EC2,exact-gpu,L40S,1,Linux,ap-south-1,1.4081,12335.0,exact,-24.5,
1 x L40S,L40S,1,Ubuntu,24mo,0.9942,17418.0,AWS EC2,exact-gpu,L40S,1,Linux,ap-south-1,1.3166,23066.0,synth,-24.5,"est from g6e.xlarge (12mo, x0.935)"
1 x L40S,L40S,1,Ubuntu,36mo,0.9295,24428.0,AWS EC2,exact-gpu,L40S,1,Linux,ap-south-1,0.9655,25373.0,exact,-3.7,
1 x L40S,L40S,1,Ubuntu,on_demand,1.8497,,AWS SageMaker,exact-gpu,L40S,1,Linux,ap-south-1,3.129,,exact,-40.9,
1 x L40S,L40S,1,Ubuntu,1mo,1.2162,888.0,AWS SageMaker,exact-gpu,L40S,1,Linux,ap-south-1,2.0574,1502.0,synth,-40.9,"est from ml.g6e.xlarge (on_demand, x0.658)"
1 x L40S,L40S,1,Ubuntu,6mo,1.1372,4981.0,AWS SageMaker,exact-gpu,L40S,1,Linux,ap-south-1,1.9237,8426.0,synth,-40.9,"est from ml.g6e.xlarge (on_demand, x0.615)"
1 x L40S,L40S,1,Ubuntu,12mo,1.0633,9314.0,AWS SageMaker,exact-gpu,L40S,1,Linux,ap-south-1,1.7987,15756.0,synth,-40.9,"est from ml.g6e.xlarge (on_demand, x0.575)"
1 x L40S,L40S,1,Ubuntu,24mo,0.9942,17418.0,AWS SageMaker,exact-gpu,L40S,1,Linux,ap-south-1,1.6817,29464.0,synth,-40.9,"est from ml.g6e.xlarge (on_demand, x0.537)"
1 x L40S,L40S,1,Ubuntu,36mo,0.9295,24428.0,AWS SageMaker,exact-gpu,L40S,1,Linux,ap-south-1,1.5724,41324.0,synth,-40.9,"est from ml.g6e.xlarge (on_demand, x0.503)"
1 x L40S,L40S,1,Ubuntu,on_demand,1.8497,,GCP,nearest-gpu(Δ1),L4,1,Linux,asia-south1,0.583,,exact,217.3,
1 x L40S,L40S,1,Ubuntu,1mo,1.2162,888.0,GCP,nearest-gpu(Δ1),L4,1,Linux,asia-south1,0.4201,307.0,synth,189.5,"est from Commitment v1: Nvidia L4 GPU running in Mumbai for 1 Year (12mo, x1.144)"
1 x L40S,L40S,1,Ubuntu,6mo,1.1372,4981.0,GCP,nearest-gpu(Δ1),L4,1,Linux,asia-south1,0.3928,1721.0,synth,189.5,"est from Commitment v1: Nvidia L4 GPU running in Mumbai for 1 Year (12mo, x1.070)"
1 x L40S,L40S,1,Ubuntu,12mo,1.0633,9314.0,GCP,nearest-gpu(Δ1),L4,1,Linux,asia-south1,0.3673,3218.0,exact,189.5,
1 x L40S,L40S,1,Ubuntu,24mo,0.9942,17418.0,GCP,nearest-gpu(Δ1),L4,1,Linux,asia-south1,0.3434,6017.0,synth,189.5,"est from Commitment v1: Nvidia L4 GPU running in Mumbai for 1 Year (12mo, x0.935)"
1 x L40S,L40S,1,Ubuntu,36mo,0.9295,24428.0,GCP,nearest-gpu(Δ1),L4,1,Linux,asia-south1,0.2623,6893.0,exact,254.4,
1 x L40S,L40S,1,Ubuntu,on_demand,1.8497,,GCP,nearest-gpu(Δ2),H100 SXM,1,Linux,asia-south1,10.1884,,exact,-81.8,
1 x L40S,L40S,1,Ubuntu,1mo,1.2162,888.0,GCP,nearest-gpu(Δ2),H100 SXM,1,Linux,asia-south1,4.8052,3508.0,synth,-74.7,"est from Nvidia H100 80GB GPU attached to DWS Defined Duration VMs running in Mumbai (12mo, x1.144)"
1 x L40S,L40S,1,Ubuntu,6mo,1.1372,4981.0,GCP,nearest-gpu(Δ2),H100 SXM,1,Linux,asia-south1,4.4928,19679.0,synth,-74.7,"est from Nvidia H100 80GB GPU attached to DWS Defined Duration VMs running in Mumbai (12mo, x1.070)"
1 x L40S,L40S,1,Ubuntu,12mo,1.0633,9314.0,GCP,nearest-gpu(Δ2),H100 SXM,1,Linux,asia-south1,4.2008,36799.0,exact,-74.7,
1 x L40S,L40S,1,Ubuntu,24mo,0.9942,17418.0,GCP,nearest-gpu(Δ2),H100 SXM,1,Linux,asia-south1,3.9278,68814.0,synth,-74.7,"est from Nvidia H100 80GB GPU attached to DWS Defined Duration VMs running in Mumbai (12mo, x0.935)"
1 x L40S,L40S,1,Ubuntu,36mo,0.9295,24428.0,GCP,nearest-gpu(Δ2),H100 SXM,1,Linux,asia-south1,4.4719,117522.0,exact,-79.2,
1 x L40S,L40S,1,Ubuntu,on_demand,1.8497,,RunPod,exact-gpu,L40S,1,Linux,global,0.86,,exact,115.1,
1 x L40S,L40S,1,Ubuntu,1mo,1.2162,888.0,RunPod,exact-gpu,L40S,1,Linux,global,0.7818,571.0,synth,55.6,"est from L40S (6mo, x1.070)"
1 x L40S,L40S,1,Ubuntu,6mo,1.1372,4981.0,RunPod,exact-gpu,L40S,1,Linux,global,0.731,3202.0,exact,55.6,
1 x L40S,L40S,1,Ubuntu,12mo,1.0633,9314.0,RunPod,exact-gpu,L40S,1,Linux,global,0.6835,5987.0,synth,55.6,"est from L40S (6mo, x0.935)"
1 x L40S,L40S,1,Ubuntu,24mo,0.9942,17418.0,RunPod,exact-gpu,L40S,1,Linux,global,0.8,14016.0,synth,24.3,"est from L40S (36mo, x1.070)"
1 x L40S,L40S,1,Ubuntu,36mo,0.9295,24428.0,RunPod,exact-gpu,L40S,1,Linux,global,0.748,19657.0,exact,24.3,
1 x L40S,L40S,1,Ubuntu,on_demand,1.8497,,Vultr,exact-gpu,L40S,1,Linux,,1.5596,,exact,18.6,
1 x L40S,L40S,1,Ubuntu,1mo,1.2162,888.0,Vultr,exact-gpu,L40S,1,Linux,,1.0255,749.0,synth,18.6,"est from on_demand (on_demand, x0.658)"
1 x L40S,L40S,1,Ubuntu,6mo,1.1372,4981.0,Vultr,exact-gpu,L40S,1,Linux,,0.9588,4200.0,synth,18.6,"est from on_demand (on_demand, x0.615)"
1 x L40S,L40S,1,Ubuntu,12mo,1.0633,9314.0,Vultr,exact-gpu,L40S,1,Linux,,0.8965,7853.0,synth,18.6,"est from on_demand (on_demand, x0.575)"
1 x L40S,L40S,1,Ubuntu,24mo,0.9942,17418.0,Vultr,exact-gpu,L40S,1,Linux,,0.8382,14686.0,synth,18.6,"est from on_demand (on_demand, x0.537)"
1 x L40S,L40S,1,Ubuntu,36mo,0.9295,24428.0,Vultr,exact-gpu,L40S,1,Linux,,0.7838,20597.0,synth,18.6,"est from on_demand (on_demand, x0.503)"
2 x L40S,L40S,2,Ubuntu,on_demand,1.8497,,Azure,nearest-gpu(Δ1),H100 NVL,2,Linux,eastus,6.98,,exact,-73.5,
2 x L40S,L40S,2,Ubuntu,1mo,1.2162,888.0,Azure,nearest-gpu(Δ1),H100 NVL,2,Linux,eastus,6.6421,4849.0,synth,-81.7,"est from Standard_NC80adis_H100_v5 (12mo, x1.144)"
2 x L40S,L40S,2,Ubuntu,6mo,1.1372,4981.0,Azure,nearest-gpu(Δ1),H100 NVL,2,Linux,eastus,6.2104,27201.0,synth,-81.7,"est from Standard_NC80adis_H100_v5 (12mo, x1.070)"
2 x L40S,L40S,2,Ubuntu,12mo,1.0633,9314.0,Azure,nearest-gpu(Δ1),H100 NVL,2,Linux,eastus,5.8067,50867.0,exact,-81.7,
2 x L40S,L40S,2,Ubuntu,24mo,0.9942,17418.0,Azure,nearest-gpu(Δ1),H100 NVL,2,Linux,eastus,5.4292,95120.0,synth,-81.7,"est from Standard_NC80adis_H100_v5 (12mo, x0.935)"
2 x L40S,L40S,2,Ubuntu,36mo,0.9295,24428.0,Azure,nearest-gpu(Δ1),H100 NVL,2,Linux,eastus,4.306,113162.0,exact,-78.4,
2 x L40S,L40S,2,Ubuntu,on_demand,1.8497,,Azure,nearest-gpu(Δ2),H100 SXM,8,Linux,eastus,12.29,,exact,-84.9,
2 x L40S,L40S,2,Ubuntu,1mo,1.2162,888.0,Azure,nearest-gpu(Δ2),H100 SXM,8,Linux,eastus,8.0811,5899.0,synth,-84.9,"est from Standard_ND96isr_H100_v5 (on_demand, x0.658)"
2 x L40S,L40S,2,Ubuntu,6mo,1.1372,4981.0,Azure,nearest-gpu(Δ2),H100 SXM,8,Linux,eastus,7.5558,33095.0,synth,-84.9,"est from Standard_ND96isr_H100_v5 (on_demand, x0.615)"
2 x L40S,L40S,2,Ubuntu,12mo,1.0633,9314.0,Azure,nearest-gpu(Δ2),H100 SXM,8,Linux,eastus,7.0647,61887.0,synth,-84.9,"est from Standard_ND96isr_H100_v5 (on_demand, x0.575)"
2 x L40S,L40S,2,Ubuntu,24mo,0.9942,17418.0,Azure,nearest-gpu(Δ2),H100 SXM,8,Linux,eastus,6.6055,115728.0,synth,-84.9,"est from Standard_ND96isr_H100_v5 (on_demand, x0.537)"
2 x L40S,L40S,2,Ubuntu,36mo,0.9295,24428.0,Azure,nearest-gpu(Δ2),H100 SXM,8,Linux,eastus,6.1761,162308.0,synth,-84.9,"est from Standard_ND96isr_H100_v5 (on_demand, x0.503)"
2 x L40S,L40S,2,Ubuntu,on_demand,1.8497,,OCI,exact-gpu,L40S,1,Linux,global,0.6,,exact,208.3,
2 x L40S,L40S,2,Ubuntu,1mo,1.2162,888.0,OCI,exact-gpu,L40S,1,Linux,global,0.3945,288.0,synth,208.3,"est from Oracle Compute Cloud@Customer - Compute - GPU.L40S - Resource Commit (on_demand, x0.658)"
2 x L40S,L40S,2,Ubuntu,6mo,1.1372,4981.0,OCI,exact-gpu,L40S,1,Linux,global,0.3689,1616.0,synth,208.3,"est from Oracle Compute Cloud@Customer - Compute - GPU.L40S - Resource Commit (on_demand, x0.615)"
2 x L40S,L40S,2,Ubuntu,12mo,1.0633,9314.0,OCI,exact-gpu,L40S,1,Linux,global,0.3449,3021.0,synth,208.3,"est from Oracle Compute Cloud@Customer - Compute - GPU.L40S - Resource Commit (on_demand, x0.575)"
2 x L40S,L40S,2,Ubuntu,24mo,0.9942,17418.0,OCI,exact-gpu,L40S,1,Linux,global,0.3225,5650.0,synth,208.3,"est from Oracle Compute Cloud@Customer - Compute - GPU.L40S - Resource Commit (on_demand, x0.537)"
2 x L40S,L40S,2,Ubuntu,36mo,0.9295,24428.0,OCI,exact-gpu,L40S,1,Linux,global,0.3015,7924.0,synth,208.3,"est from Oracle Compute Cloud@Customer - Compute - GPU.L40S - Resource Commit (on_demand, x0.503)"
2 x L40S,L40S,2,Ubuntu,on_demand,1.8497,,AWS EC2,exact-gpu,L40S,1,Linux,ap-south-1,2.235,,exact,-17.2,
2 x L40S,L40S,2,Ubuntu,1mo,1.2162,888.0,AWS EC2,exact-gpu,L40S,1,Linux,ap-south-1,1.6107,1176.0,synth,-24.5,"est from g6e.xlarge (12mo, x1.144)"
2 x L40S,L40S,2,Ubuntu,6mo,1.1372,4981.0,AWS EC2,exact-gpu,L40S,1,Linux,ap-south-1,1.506,6596.0,synth,-24.5,"est from g6e.xlarge (12mo, x1.070)"
2 x L40S,L40S,2,Ubuntu,12mo,1.0633,9314.0,AWS EC2,exact-gpu,L40S,1,Linux,ap-south-1,1.4081,12335.0,exact,-24.5,
2 x L40S,L40S,2,Ubuntu,24mo,0.9942,17418.0,AWS EC2,exact-gpu,L40S,1,Linux,ap-south-1,1.3166,23066.0,synth,-24.5,"est from g6e.xlarge (12mo, x0.935)"
2 x L40S,L40S,2,Ubuntu,36mo,0.9295,24428.0,AWS EC2,exact-gpu,L40S,1,Linux,ap-south-1,0.9655,25373.0,exact,-3.7,
2 x L40S,L40S,2,Ubuntu,on_demand,1.8497,,AWS SageMaker,exact-gpu,L40S,1,Linux,ap-south-1,3.129,,exact,-40.9,
2 x L40S,L40S,2,Ubuntu,1mo,1.2162,888.0,AWS SageMaker,exact-gpu,L40S,1,Linux,ap-south-1,2.0574,1502.0,synth,-40.9,"est from ml.g6e.xlarge (on_demand, x0.658)"
2 x L40S,L40S,2,Ubuntu,6mo,1.1372,4981.0,AWS SageMaker,exact-gpu,L40S,1,Linux,ap-south-1,1.9237,8426.0,synth,-40.9,"est from ml.g6e.xlarge (on_demand, x0.615)"
2 x L40S,L40S,2,Ubuntu,12mo,1.0633,9314.0,AWS SageMaker,exact-gpu,L40S,1,Linux,ap-south-1,1.7987,15756.0,synth,-40.9,"est from ml.g6e.xlarge (on_demand, x0.575)"
2 x L40S,L40S,2,Ubuntu,24mo,0.9942,17418.0,AWS SageMaker,exact-gpu,L40S,1,Linux,ap-south-1,1.6817,29464.0,synth,-40.9,"est from ml.g6e.xlarge (on_demand, x0.537)"
2 x L40S,L40S,2,Ubuntu,36mo,0.9295,24428.0,AWS SageMaker,exact-gpu,L40S,1,Linux,ap-south-1,1.5724,41323.0,synth,-40.9,"est from ml.g6e.xlarge (on_demand, x0.503)"
2 x L40S,L40S,2,Ubuntu,on_demand,1.8497,,GCP,nearest-gpu(Δ1),L4,1,Linux,asia-south1,0.583,,exact,217.3,
2 x L40S,L40S,2,Ubuntu,1mo,1.2162,888.0,GCP,nearest-gpu(Δ1),L4,1,Linux,asia-south1,0.4201,307.0,synth,189.5,"est from Commitment v1: Nvidia L4 GPU running in Mumbai for 1 Year (12mo, x1.144)"
2 x L40S,L40S,2,Ubuntu,6mo,1.1372,4981.0,GCP,nearest-gpu(Δ1),L4,1,Linux,asia-south1,0.3928,1721.0,synth,189.5,"est from Commitment v1: Nvidia L4 GPU running in Mumbai for 1 Year (12mo, x1.070)"
2 x L40S,L40S,2,Ubuntu,12mo,1.0633,9314.0,GCP,nearest-gpu(Δ1),L4,1,Linux,asia-south1,0.3673,3218.0,exact,189.5,
2 x L40S,L40S,2,Ubuntu,24mo,0.9942,17418.0,GCP,nearest-gpu(Δ1),L4,1,Linux,asia-south1,0.3434,6017.0,synth,189.5,"est from Commitment v1: Nvidia L4 GPU running in Mumbai for 1 Year (12mo, x0.935)"
2 x L40S,L40S,2,Ubuntu,36mo,0.9295,24428.0,GCP,nearest-gpu(Δ1),L4,1,Linux,asia-south1,0.2623,6893.0,exact,254.4,
2 x L40S,L40S,2,Ubuntu,on_demand,1.8497,,GCP,nearest-gpu(Δ2),H100 SXM,1,Linux,asia-south1,10.1884,,exact,-81.8,
2 x L40S,L40S,2,Ubuntu,1mo,1.2162,888.0,GCP,nearest-gpu(Δ2),H100 SXM,1,Linux,asia-south1,4.8052,3508.0,synth,-74.7,"est from Nvidia H100 80GB GPU attached to DWS Defined Duration VMs running in Mumbai (12mo, x1.144)"
2 x L40S,L40S,2,Ubuntu,6mo,1.1372,4981.0,GCP,nearest-gpu(Δ2),H100 SXM,1,Linux,asia-south1,4.4928,19679.0,synth,-74.7,"est from Nvidia H100 80GB GPU attached to DWS Defined Duration VMs running in Mumbai (12mo, x1.070)"
2 x L40S,L40S,2,Ubuntu,12mo,1.0633,9314.0,GCP,nearest-gpu(Δ2),H100 SXM,1,Linux,asia-south1,4.2008,36799.0,exact,-74.7,
2 x L40S,L40S,2,Ubuntu,24mo,0.9942,17418.0,GCP,nearest-gpu(Δ2),H100 SXM,1,Linux,asia-south1,3.9277,68814.0,synth,-74.7,"est from Nvidia H100 80GB GPU attached to DWS Defined Duration VMs running in Mumbai (12mo, x0.935)"
2 x L40S,L40S,2,Ubuntu,36mo,0.9295,24428.0,GCP,nearest-gpu(Δ2),H100 SXM,1,Linux,asia-south1,4.4719,117522.0,exact,-79.2,
2 x L40S,L40S,2,Ubuntu,on_demand,1.8497,,RunPod,exact-gpu,L40S,1,Linux,global,0.86,,exact,115.1,
2 x L40S,L40S,2,Ubuntu,1mo,1.2162,888.0,RunPod,exact-gpu,L40S,1,Linux,global,0.7818,571.0,synth,55.6,"est from L40S (6mo, x1.070)"
2 x L40S,L40S,2,Ubuntu,6mo,1.1372,4981.0,RunPod,exact-gpu,L40S,1,Linux,global,0.731,3202.0,exact,55.6,
2 x L40S,L40S,2,Ubuntu,12mo,1.0633,9314.0,RunPod,exact-gpu,L40S,1,Linux,global,0.6835,5987.0,synth,55.6,"est from L40S (6mo, x0.935)"
2 x L40S,L40S,2,Ubuntu,24mo,0.9942,17418.0,RunPod,exact-gpu,L40S,1,Linux,global,0.8,14016.0,synth,24.3,"est from L40S (36mo, x1.070)"
2 x L40S,L40S,2,Ubuntu,36mo,0.9295,24428.0,RunPod,exact-gpu,L40S,1,Linux,global,0.748,19657.0,exact,24.3,
2 x L40S,L40S,2,Ubuntu,on_demand,1.8497,,Vultr,exact-gpu,L40S,2,Linux,,1.5596,,exact,18.6,
2 x L40S,L40S,2,Ubuntu,1mo,1.2162,888.0,Vultr,exact-gpu,L40S,2,Linux,,1.0255,749.0,synth,18.6,"est from on_demand (on_demand, x0.658)"
2 x L40S,L40S,2,Ubuntu,6mo,1.1372,4981.0,Vultr,exact-gpu,L40S,2,Linux,,0.9588,4200.0,synth,18.6,"est from on_demand (on_demand, x0.615)"
2 x L40S,L40S,2,Ubuntu,12mo,1.0633,9314.0,Vultr,exact-gpu,L40S,2,Linux,,0.8965,7853.0,synth,18.6,"est from on_demand (on_demand, x0.575)"
2 x L40S,L40S,2,Ubuntu,24mo,0.9942,17418.0,Vultr,exact-gpu,L40S,2,Linux,,0.8382,14686.0,synth,18.6,"est from on_demand (on_demand, x0.537)"
2 x L40S,L40S,2,Ubuntu,36mo,0.9295,24428.0,Vultr,exact-gpu,L40S,2,Linux,,0.7837,20597.0,synth,18.6,"est from on_demand (on_demand, x0.503)"
4 x L40S,L40S,4,Ubuntu,on_demand,1.8497,,Azure,nearest-gpu(Δ1),H100 NVL,2,Linux,eastus,6.98,,exact,-73.5,
4 x L40S,L40S,4,Ubuntu,1mo,1.2162,888.0,Azure,nearest-gpu(Δ1),H100 NVL,2,Linux,eastus,6.6421,4849.0,synth,-81.7,"est from Standard_NC80adis_H100_v5 (12mo, x1.144)"
4 x L40S,L40S,4,Ubuntu,6mo,1.1372,4981.0,Azure,nearest-gpu(Δ1),H100 NVL,2,Linux,eastus,6.2104,27201.0,synth,-81.7,"est from Standard_NC80adis_H100_v5 (12mo, x1.070)"
4 x L40S,L40S,4,Ubuntu,12mo,1.0633,9314.0,Azure,nearest-gpu(Δ1),H100 NVL,2,Linux,eastus,5.8067,50867.0,exact,-81.7,
4 x L40S,L40S,4,Ubuntu,24mo,0.9942,17418.0,Azure,nearest-gpu(Δ1),H100 NVL,2,Linux,eastus,5.4293,95121.0,synth,-81.7,"est from Standard_NC80adis_H100_v5 (12mo, x0.935)"
4 x L40S,L40S,4,Ubuntu,36mo,0.9295,24428.0,Azure,nearest-gpu(Δ1),H100 NVL,2,Linux,eastus,4.306,113162.0,exact,-78.4,
4 x L40S,L40S,4,Ubuntu,on_demand,1.8497,,Azure,nearest-gpu(Δ2),H100 SXM,8,Linux,eastus,12.29,,exact,-84.9,
4 x L40S,L40S,4,Ubuntu,1mo,1.2162,888.0,Azure,nearest-gpu(Δ2),H100 SXM,8,Linux,eastus,8.0811,5899.0,synth,-84.9,"est from Standard_ND96isr_H100_v5 (on_demand, x0.658)"
4 x L40S,L40S,4,Ubuntu,6mo,1.1372,4981.0,Azure,nearest-gpu(Δ2),H100 SXM,8,Linux,eastus,7.5558,33095.0,synth,-84.9,"est from Standard_ND96isr_H100_v5 (on_demand, x0.615)"
4 x L40S,L40S,4,Ubuntu,12mo,1.0633,9314.0,Azure,nearest-gpu(Δ2),H100 SXM,8,Linux,eastus,7.0647,61887.0,synth,-84.9,"est from Standard_ND96isr_H100_v5 (on_demand, x0.575)"
4 x L40S,L40S,4,Ubuntu,24mo,0.9942,17418.0,Azure,nearest-gpu(Δ2),H100 SXM,8,Linux,eastus,6.6055,115728.0,synth,-84.9,"est from Standard_ND96isr_H100_v5 (on_demand, x0.537)"
4 x L40S,L40S,4,Ubuntu,36mo,0.9295,24428.0,Azure,nearest-gpu(Δ2),H100 SXM,8,Linux,eastus,6.1761,162309.0,synth,-84.9,"est from Standard_ND96isr_H100_v5 (on_demand, x0.503)"
4 x L40S,L40S,4,Ubuntu,on_demand,1.8497,,OCI,exact-gpu,L40S,1,Linux,global,0.6,,exact,208.3,
4 x L40S,L40S,4,Ubuntu,1mo,1.2162,888.0,OCI,exact-gpu,L40S,1,Linux,global,0.3945,288.0,synth,208.3,"est from Oracle Compute Cloud@Customer - Compute - GPU.L40S - Resource Commit (on_demand, x0.658)"
4 x L40S,L40S,4,Ubuntu,6mo,1.1372,4981.0,OCI,exact-gpu,L40S,1,Linux,global,0.3689,1616.0,synth,208.3,"est from Oracle Compute Cloud@Customer - Compute - GPU.L40S - Resource Commit (on_demand, x0.615)"
4 x L40S,L40S,4,Ubuntu,12mo,1.0633,9314.0,OCI,exact-gpu,L40S,1,Linux,global,0.3449,3021.0,synth,208.3,"est from Oracle Compute Cloud@Customer - Compute - GPU.L40S - Resource Commit (on_demand, x0.575)"
4 x L40S,L40S,4,Ubuntu,24mo,0.9942,17418.0,OCI,exact-gpu,L40S,1,Linux,global,0.3225,5650.0,synth,208.3,"est from Oracle Compute Cloud@Customer - Compute - GPU.L40S - Resource Commit (on_demand, x0.537)"
4 x L40S,L40S,4,Ubuntu,36mo,0.9295,24428.0,OCI,exact-gpu,L40S,1,Linux,global,0.3015,7924.0,synth,208.3,"est from Oracle Compute Cloud@Customer - Compute - GPU.L40S - Resource Commit (on_demand, x0.503)"
4 x L40S,L40S,4,Ubuntu,on_demand,1.8497,,AWS EC2,exact-gpu,L40S,4,Linux,ap-south-1,3.1503,,exact,-41.3,
4 x L40S,L40S,4,Ubuntu,1mo,1.2162,888.0,AWS EC2,exact-gpu,L40S,4,Linux,ap-south-1,2.2702,1657.0,synth,-46.4,"est from g6e.12xlarge (12mo, x1.144)"
4 x L40S,L40S,4,Ubuntu,6mo,1.1372,4981.0,AWS EC2,exact-gpu,L40S,4,Linux,ap-south-1,2.1227,9297.0,synth,-46.4,"est from g6e.12xlarge (12mo, x1.070)"
4 x L40S,L40S,4,Ubuntu,12mo,1.0633,9314.0,AWS EC2,exact-gpu,L40S,4,Linux,ap-south-1,1.9847,17386.0,exact,-46.4,
4 x L40S,L40S,4,Ubuntu,24mo,0.9942,17418.0,AWS EC2,exact-gpu,L40S,4,Linux,ap-south-1,1.8557,32512.0,synth,-46.4,"est from g6e.12xlarge (12mo, x0.935)"
4 x L40S,L40S,4,Ubuntu,36mo,0.9295,24428.0,AWS EC2,exact-gpu,L40S,4,Linux,ap-south-1,1.3609,35764.0,exact,-31.7,
4 x L40S,L40S,4,Ubuntu,on_demand,1.8497,,AWS SageMaker,exact-gpu,L40S,4,Linux,ap-south-1,3.9379,,exact,-53.0,
4 x L40S,L40S,4,Ubuntu,1mo,1.2162,888.0,AWS SageMaker,exact-gpu,L40S,4,Linux,ap-south-1,2.5893,1890.0,synth,-53.0,"est from ml.g6e.12xlarge (on_demand, x0.658)"
4 x L40S,L40S,4,Ubuntu,6mo,1.1372,4981.0,AWS SageMaker,exact-gpu,L40S,4,Linux,ap-south-1,2.421,10604.0,synth,-53.0,"est from ml.g6e.12xlarge (on_demand, x0.615)"
4 x L40S,L40S,4,Ubuntu,12mo,1.0633,9314.0,AWS SageMaker,exact-gpu,L40S,4,Linux,ap-south-1,2.2636,19829.0,synth,-53.0,"est from ml.g6e.12xlarge (on_demand, x0.575)"
4 x L40S,L40S,4,Ubuntu,24mo,0.9942,17418.0,AWS SageMaker,exact-gpu,L40S,4,Linux,ap-south-1,2.1165,37081.0,synth,-53.0,"est from ml.g6e.12xlarge (on_demand, x0.537)"
4 x L40S,L40S,4,Ubuntu,36mo,0.9295,24428.0,AWS SageMaker,exact-gpu,L40S,4,Linux,ap-south-1,1.9789,52006.0,synth,-53.0,"est from ml.g6e.12xlarge (on_demand, x0.503)"
4 x L40S,L40S,4,Ubuntu,on_demand,1.8497,,GCP,nearest-gpu(Δ1),L4,1,Linux,asia-south1,0.583,,exact,217.3,
4 x L40S,L40S,4,Ubuntu,1mo,1.2162,888.0,GCP,nearest-gpu(Δ1),L4,1,Linux,asia-south1,0.4201,307.0,synth,189.5,"est from Commitment v1: Nvidia L4 GPU running in Mumbai for 1 Year (12mo, x1.144)"
4 x L40S,L40S,4,Ubuntu,6mo,1.1372,4981.0,GCP,nearest-gpu(Δ1),L4,1,Linux,asia-south1,0.3928,1721.0,synth,189.5,"est from Commitment v1: Nvidia L4 GPU running in Mumbai for 1 Year (12mo, x1.070)"
4 x L40S,L40S,4,Ubuntu,12mo,1.0633,9314.0,GCP,nearest-gpu(Δ1),L4,1,Linux,asia-south1,0.3673,3218.0,exact,189.5,
4 x L40S,L40S,4,Ubuntu,24mo,0.9942,17418.0,GCP,nearest-gpu(Δ1),L4,1,Linux,asia-south1,0.3434,6017.0,synth,189.5,"est from Commitment v1: Nvidia L4 GPU running in Mumbai for 1 Year (12mo, x0.935)"
4 x L40S,L40S,4,Ubuntu,36mo,0.9295,24428.0,GCP,nearest-gpu(Δ1),L4,1,Linux,asia-south1,0.2623,6893.0,exact,254.4,
4 x L40S,L40S,4,Ubuntu,on_demand,1.8497,,GCP,nearest-gpu(Δ2),H100 SXM,1,Linux,asia-south1,10.1884,,exact,-81.8,
4 x L40S,L40S,4,Ubuntu,1mo,1.2162,888.0,GCP,nearest-gpu(Δ2),H100 SXM,1,Linux,asia-south1,4.8052,3508.0,synth,-74.7,"est from Nvidia H100 80GB GPU attached to DWS Defined Duration VMs running in Mumbai (12mo, x1.144)"
4 x L40S,L40S,4,Ubuntu,6mo,1.1372,4981.0,GCP,nearest-gpu(Δ2),H100 SXM,1,Linux,asia-south1,4.4928,19679.0,synth,-74.7,"est from Nvidia H100 80GB GPU attached to DWS Defined Duration VMs running in Mumbai (12mo, x1.070)"
4 x L40S,L40S,4,Ubuntu,12mo,1.0633,9314.0,GCP,nearest-gpu(Δ2),H100 SXM,1,Linux,asia-south1,4.2008,36799.0,exact,-74.7,
4 x L40S,L40S,4,Ubuntu,24mo,0.9942,17418.0,GCP,nearest-gpu(Δ2),H100 SXM,1,Linux,asia-south1,3.9277,68814.0,synth,-74.7,"est from Nvidia H100 80GB GPU attached to DWS Defined Duration VMs running in Mumbai (12mo, x0.935)"
4 x L40S,L40S,4,Ubuntu,36mo,0.9295,24428.0,GCP,nearest-gpu(Δ2),H100 SXM,1,Linux,asia-south1,4.4719,117522.0,exact,-79.2,
4 x L40S,L40S,4,Ubuntu,on_demand,1.8497,,RunPod,exact-gpu,L40S,1,Linux,global,0.86,,exact,115.1,
4 x L40S,L40S,4,Ubuntu,1mo,1.2162,888.0,RunPod,exact-gpu,L40S,1,Linux,global,0.7818,571.0,synth,55.6,"est from L40S (6mo, x1.070)"
4 x L40S,L40S,4,Ubuntu,6mo,1.1372,4981.0,RunPod,exact-gpu,L40S,1,Linux,global,0.731,3202.0,exact,55.6,
4 x L40S,L40S,4,Ubuntu,12mo,1.0633,9314.0,RunPod,exact-gpu,L40S,1,Linux,global,0.6835,5987.0,synth,55.6,"est from L40S (6mo, x0.935)"
4 x L40S,L40S,4,Ubuntu,24mo,0.9942,17418.0,RunPod,exact-gpu,L40S,1,Linux,global,0.8,14016.0,synth,24.3,"est from L40S (36mo, x1.070)"
4 x L40S,L40S,4,Ubuntu,36mo,0.9295,24428.0,RunPod,exact-gpu,L40S,1,Linux,global,0.748,19657.0,exact,24.3,
4 x L40S,L40S,4,Ubuntu,on_demand,1.8497,,Vultr,exact-gpu,L40S,4,Linux,,1.5596,,exact,18.6,
4 x L40S,L40S,4,Ubuntu,1mo,1.2162,888.0,Vultr,exact-gpu,L40S,4,Linux,,1.0255,749.0,synth,18.6,"est from on_demand (on_demand, x0.658)"
4 x L40S,L40S,4,Ubuntu,6mo,1.1372,4981.0,Vultr,exact-gpu,L40S,4,Linux,,0.9588,4200.0,synth,18.6,"est from on_demand (on_demand, x0.615)"
4 x L40S,L40S,4,Ubuntu,12mo,1.0633,9314.0,Vultr,exact-gpu,L40S,4,Linux,,0.8965,7853.0,synth,18.6,"est from on_demand (on_demand, x0.575)"
4 x L40S,L40S,4,Ubuntu,24mo,0.9942,17418.0,Vultr,exact-gpu,L40S,4,Linux,,0.8382,14686.0,synth,18.6,"est from on_demand (on_demand, x0.537)"
4 x L40S,L40S,4,Ubuntu,36mo,0.9295,24428.0,Vultr,exact-gpu,L40S,4,Linux,,0.7838,20597.0,synth,18.6,"est from on_demand (on_demand, x0.503)"
1 x H100 SXM,H100 SXM,1,Ubuntu,on_demand,4.175,,Azure,exact-gpu,H100 SXM,8,Linux,eastus,12.29,,exact,-66.0,
1 x H100 SXM,H100 SXM,1,Ubuntu,1mo,2.9682,2167.0,Azure,exact-gpu,H100 SXM,8,Linux,eastus,8.7375,6378.0,synth,-66.0,"est from Standard_ND96isr_H100_v5 (on_demand, x0.711)"
1 x H100 SXM,H100 SXM,1,Ubuntu,6mo,2.7901,12221.0,Azure,exact-gpu,H100 SXM,8,Linux,eastus,8.2132,35974.0,synth,-66.0,"est from Standard_ND96isr_H100_v5 (on_demand, x0.668)"
1 x H100 SXM,H100 SXM,1,Ubuntu,12mo,2.6227,22975.0,Azure,exact-gpu,H100 SXM,8,Linux,eastus,7.7204,67631.0,synth,-66.0,"est from Standard_ND96isr_H100_v5 (on_demand, x0.628)"
1 x H100 SXM,H100 SXM,1,Ubuntu,24mo,2.4653,43193.0,Azure,exact-gpu,H100 SXM,8,Linux,eastus,7.2572,127146.0,synth,-66.0,"est from Standard_ND96isr_H100_v5 (on_demand, x0.590)"
1 x H100 SXM,H100 SXM,1,Ubuntu,36mo,2.3174,60902.0,Azure,exact-gpu,H100 SXM,8,Linux,eastus,6.8218,179277.0,synth,-66.0,"est from Standard_ND96isr_H100_v5 (on_demand, x0.555)"
1 x H100 SXM,H100 SXM,1,Ubuntu,on_demand,4.175,,OCI,exact-gpu,H100 SXM,1,Linux,global,10.0,,exact,-58.2,
1 x H100 SXM,H100 SXM,1,Ubuntu,1mo,2.9682,2167.0,OCI,exact-gpu,H100 SXM,1,Linux,global,7.1094,5190.0,synth,-58.2,"est from Oracle Cloud Infrastructure - Compute - GPU - H100 (on_demand, x0.711)"
1 x H100 SXM,H100 SXM,1,Ubuntu,6mo,2.7901,12221.0,OCI,exact-gpu,H100 SXM,1,Linux,global,6.6829,29271.0,synth,-58.2,"est from Oracle Cloud Infrastructure - Compute - GPU - H100 (on_demand, x0.668)"
1 x H100 SXM,H100 SXM,1,Ubuntu,12mo,2.6227,22975.0,OCI,exact-gpu,H100 SXM,1,Linux,global,6.2819,55029.0,synth,-58.2,"est from Oracle Cloud Infrastructure - Compute - GPU - H100 (on_demand, x0.628)"
1 x H100 SXM,H100 SXM,1,Ubuntu,24mo,2.4653,43193.0,OCI,exact-gpu,H100 SXM,1,Linux,global,5.905,103455.0,synth,-58.2,"est from Oracle Cloud Infrastructure - Compute - GPU - H100 (on_demand, x0.590)"
1 x H100 SXM,H100 SXM,1,Ubuntu,36mo,2.3174,60902.0,OCI,exact-gpu,H100 SXM,1,Linux,global,5.5507,145872.0,synth,-58.2,"est from Oracle Cloud Infrastructure - Compute - GPU - H100 (on_demand, x0.555)"
1 x H100 SXM,H100 SXM,1,Ubuntu,on_demand,4.175,,AWS EC2,exact-gpu,H100 SXM,8,Linux,ap-south-1,8.256,,exact,-49.4,
1 x H100 SXM,H100 SXM,1,Ubuntu,1mo,2.9682,2167.0,AWS EC2,exact-gpu,H100 SXM,8,Linux,ap-south-1,5.8695,4285.0,synth,-49.4,"est from p5.48xlarge (on_demand, x0.711)"
1 x H100 SXM,H100 SXM,1,Ubuntu,6mo,2.7901,12221.0,AWS EC2,exact-gpu,H100 SXM,8,Linux,ap-south-1,4.2941,18808.0,synth,-35.0,"est from p5.48xlarge (36mo, x1.204)"
1 x H100 SXM,H100 SXM,1,Ubuntu,12mo,2.6227,22975.0,AWS EC2,exact-gpu,H100 SXM,8,Linux,ap-south-1,4.0364,35359.0,synth,-35.0,"est from p5.48xlarge (36mo, x1.132)"
1 x H100 SXM,H100 SXM,1,Ubuntu,24mo,2.4653,43193.0,AWS EC2,exact-gpu,H100 SXM,8,Linux,ap-south-1,3.7943,66475.0,synth,-35.0,"est from p5.48xlarge (36mo, x1.064)"
1 x H100 SXM,H100 SXM,1,Ubuntu,36mo,2.3174,60902.0,AWS EC2,exact-gpu,H100 SXM,8,Linux,ap-south-1,3.5666,93730.0,exact,-35.0,
1 x H100 SXM,H100 SXM,1,Ubuntu,on_demand,4.175,,AWS SageMaker,exact-gpu,H100 SXM,8,Linux,ap-south-1,9.4947,,exact,-56.0,
1 x H100 SXM,H100 SXM,1,Ubuntu,1mo,2.9682,2167.0,AWS SageMaker,exact-gpu,H100 SXM,8,Linux,ap-south-1,6.7502,4928.0,synth,-56.0,"est from ml.p5.48xlarge (on_demand, x0.711)"
1 x H100 SXM,H100 SXM,1,Ubuntu,6mo,2.7901,12221.0,AWS SageMaker,exact-gpu,H100 SXM,8,Linux,ap-south-1,6.3452,27792.0,synth,-56.0,"est from ml.p5.48xlarge (on_demand, x0.668)"
1 x H100 SXM,H100 SXM,1,Ubuntu,12mo,2.6227,22975.0,AWS SageMaker,exact-gpu,H100 SXM,8,Linux,ap-south-1,5.9645,52249.0,synth,-56.0,"est from ml.p5.48xlarge (on_demand, x0.628)"
1 x H100 SXM,H100 SXM,1,Ubuntu,24mo,2.4653,43193.0,AWS SageMaker,exact-gpu,H100 SXM,8,Linux,ap-south-1,5.6066,98228.0,synth,-56.0,"est from ml.p5.48xlarge (on_demand, x0.590)"
1 x H100 SXM,H100 SXM,1,Ubuntu,36mo,2.3174,60902.0,AWS SageMaker,exact-gpu,H100 SXM,8,Linux,ap-south-1,5.2702,138501.0,synth,-56.0,"est from ml.p5.48xlarge (on_demand, x0.555)"
1 x H100 SXM,H100 SXM,1,Ubuntu,on_demand,4.175,,GCP,exact-gpu,H100 SXM,1,Linux,asia-south1,10.1884,,exact,-59.0,
1 x H100 SXM,H100 SXM,1,Ubuntu,1mo,2.9682,2167.0,GCP,exact-gpu,H100 SXM,1,Linux,asia-south1,4.7542,3471.0,synth,-37.6,"est from Nvidia H100 80GB GPU attached to DWS Defined Duration VMs running in Mumbai (12mo, x1.132)"
1 x H100 SXM,H100 SXM,1,Ubuntu,6mo,2.7901,12221.0,GCP,exact-gpu,H100 SXM,1,Linux,asia-south1,4.4689,19574.0,synth,-37.6,"est from Nvidia H100 80GB GPU attached to DWS Defined Duration VMs running in Mumbai (12mo, x1.064)"
1 x H100 SXM,H100 SXM,1,Ubuntu,12mo,2.6227,22975.0,GCP,exact-gpu,H100 SXM,1,Linux,asia-south1,4.2008,36799.0,exact,-37.6,
1 x H100 SXM,H100 SXM,1,Ubuntu,24mo,2.4653,43193.0,GCP,exact-gpu,H100 SXM,1,Linux,asia-south1,3.9488,69182.0,synth,-37.6,"est from Nvidia H100 80GB GPU attached to DWS Defined Duration VMs running in Mumbai (12mo, x0.940)"
1 x H100 SXM,H100 SXM,1,Ubuntu,36mo,2.3174,60902.0,GCP,exact-gpu,H100 SXM,1,Linux,asia-south1,4.4719,117522.0,exact,-48.2,
1 x H100 SXM,H100 SXM,1,Ubuntu,on_demand,4.175,,RunPod,exact-gpu,H100 SXM,1,Linux,global,2.89,,exact,44.5,
1 x H100 SXM,H100 SXM,1,Ubuntu,1mo,2.9682,2167.0,RunPod,exact-gpu,H100 SXM,1,Linux,global,2.6702,1949.0,synth,11.2,"est from H100 PCIe (6mo, x1.064)"
1 x H100 SXM,H100 SXM,1,Ubuntu,6mo,2.7901,12221.0,RunPod,exact-gpu,H100 SXM,1,Linux,global,2.51,10994.0,exact,11.2,
1 x H100 SXM,H100 SXM,1,Ubuntu,12mo,2.6227,22975.0,RunPod,exact-gpu,H100 SXM,1,Linux,global,2.3594,20668.0,synth,11.2,"est from H100 PCIe (6mo, x0.940)"
1 x H100 SXM,H100 SXM,1,Ubuntu,24mo,2.4653,43193.0,RunPod,exact-gpu,H100 SXM,1,Linux,global,2.8936,50696.0,synth,-14.8,"est from H100 PCIe (36mo, x1.064)"
1 x H100 SXM,H100 SXM,1,Ubuntu,36mo,2.3174,60902.0,RunPod,exact-gpu,H100 SXM,1,Linux,global,2.72,71482.0,exact,-14.8,
1 x H100 SXM,H100 SXM,1,Ubuntu,on_demand,4.175,,Vultr,nearest-gpu(Δ2),L40S,1,Linux,,1.5596,,exact,167.7,
1 x H100 SXM,H100 SXM,1,Ubuntu,1mo,2.9682,2167.0,Vultr,nearest-gpu(Δ2),L40S,1,Linux,,1.1088,809.0,synth,167.7,"est from on_demand (on_demand, x0.711)"
1 x H100 SXM,H100 SXM,1,Ubuntu,6mo,2.7901,12221.0,Vultr,nearest-gpu(Δ2),L40S,1,Linux,,1.0423,4565.0,synth,167.7,"est from on_demand (on_demand, x0.668)"
1 x H100 SXM,H100 SXM,1,Ubuntu,12mo,2.6227,22975.0,Vultr,nearest-gpu(Δ2),L40S,1,Linux,,0.9797,8582.0,synth,167.7,"est from on_demand (on_demand, x0.628)"
1 x H100 SXM,H100 SXM,1,Ubuntu,24mo,2.4653,43193.0,Vultr,nearest-gpu(Δ2),L40S,1,Linux,,0.9209,16135.0,synth,167.7,"est from on_demand (on_demand, x0.590)"
1 x H100 SXM,H100 SXM,1,Ubuntu,36mo,2.3174,60902.0,Vultr,nearest-gpu(Δ2),L40S,1,Linux,,0.8657,22750.0,synth,167.7,"est from on_demand (on_demand, x0.555)"
2 x H100 SXM,H100 SXM,2,Ubuntu,on_demand,4.175,,Azure,exact-gpu,H100 SXM,8,Linux,eastus,12.29,,exact,-66.0,
2 x H100 SXM,H100 SXM,2,Ubuntu,1mo,2.9682,2167.0,Azure,exact-gpu,H100 SXM,8,Linux,eastus,8.7375,6378.0,synth,-66.0,"est from Standard_ND96isr_H100_v5 (on_demand, x0.711)"
2 x H100 SXM,H100 SXM,2,Ubuntu,6mo,2.7901,12221.0,Azure,exact-gpu,H100 SXM,8,Linux,eastus,8.2132,35974.0,synth,-66.0,"est from Standard_ND96isr_H100_v5 (on_demand, x0.668)"
2 x H100 SXM,H100 SXM,2,Ubuntu,12mo,2.6227,22975.0,Azure,exact-gpu,H100 SXM,8,Linux,eastus,7.7204,67631.0,synth,-66.0,"est from Standard_ND96isr_H100_v5 (on_demand, x0.628)"
2 x H100 SXM,H100 SXM,2,Ubuntu,24mo,2.4653,43193.0,Azure,exact-gpu,H100 SXM,8,Linux,eastus,7.2572,127146.0,synth,-66.0,"est from Standard_ND96isr_H100_v5 (on_demand, x0.590)"
2 x H100 SXM,H100 SXM,2,Ubuntu,36mo,2.3174,60902.0,Azure,exact-gpu,H100 SXM,8,Linux,eastus,6.8218,179276.0,synth,-66.0,"est from Standard_ND96isr_H100_v5 (on_demand, x0.555)"
2 x H100 SXM,H100 SXM,2,Ubuntu,on_demand,4.175,,OCI,exact-gpu,H100 SXM,1,Linux,global,10.0,,exact,-58.2,
2 x H100 SXM,H100 SXM,2,Ubuntu,1mo,2.9682,2167.0,OCI,exact-gpu,H100 SXM,1,Linux,global,7.1094,5190.0,synth,-58.2,"est from Oracle Cloud Infrastructure - Compute - GPU - H100 (on_demand, x0.711)"
2 x H100 SXM,H100 SXM,2,Ubuntu,6mo,2.7901,12221.0,OCI,exact-gpu,H100 SXM,1,Linux,global,6.6829,29271.0,synth,-58.2,"est from Oracle Cloud Infrastructure - Compute - GPU - H100 (on_demand, x0.668)"
2 x H100 SXM,H100 SXM,2,Ubuntu,12mo,2.6227,22975.0,OCI,exact-gpu,H100 SXM,1,Linux,global,6.2819,55029.0,synth,-58.2,"est from Oracle Cloud Infrastructure - Compute - GPU - H100 (on_demand, x0.628)"
2 x H100 SXM,H100 SXM,2,Ubuntu,24mo,2.4653,43193.0,OCI,exact-gpu,H100 SXM,1,Linux,global,5.905,103455.0,synth,-58.2,"est from Oracle Cloud Infrastructure - Compute - GPU - H100 (on_demand, x0.590)"
2 x H100 SXM,H100 SXM,2,Ubuntu,36mo,2.3174,60902.0,OCI,exact-gpu,H100 SXM,1,Linux,global,5.5507,145872.0,synth,-58.2,"est from Oracle Cloud Infrastructure - Compute - GPU - H100 (on_demand, x0.555)"
2 x H100 SXM,H100 SXM,2,Ubuntu,on_demand,4.175,,AWS EC2,exact-gpu,H100 SXM,8,Linux,ap-south-1,8.256,,exact,-49.4,
2 x H100 SXM,H100 SXM,2,Ubuntu,1mo,2.9682,2167.0,AWS EC2,exact-gpu,H100 SXM,8,Linux,ap-south-1,5.8695,4285.0,synth,-49.4,"est from p5.48xlarge (on_demand, x0.711)"
2 x H100 SXM,H100 SXM,2,Ubuntu,6mo,2.7901,12221.0,AWS EC2,exact-gpu,H100 SXM,8,Linux,ap-south-1,4.2941,18808.0,synth,-35.0,"est from p5.48xlarge (36mo, x1.204)"
2 x H100 SXM,H100 SXM,2,Ubuntu,12mo,2.6227,22975.0,AWS EC2,exact-gpu,H100 SXM,8,Linux,ap-south-1,4.0364,35359.0,synth,-35.0,"est from p5.48xlarge (36mo, x1.132)"
2 x H100 SXM,H100 SXM,2,Ubuntu,24mo,2.4653,43193.0,AWS EC2,exact-gpu,H100 SXM,8,Linux,ap-south-1,3.7943,66475.0,synth,-35.0,"est from p5.48xlarge (36mo, x1.064)"
2 x H100 SXM,H100 SXM,2,Ubuntu,36mo,2.3174,60902.0,AWS EC2,exact-gpu,H100 SXM,8,Linux,ap-south-1,3.5666,93730.0,exact,-35.0,
2 x H100 SXM,H100 SXM,2,Ubuntu,on_demand,4.175,,AWS SageMaker,exact-gpu,H100 SXM,8,Linux,ap-south-1,9.4947,,exact,-56.0,
2 x H100 SXM,H100 SXM,2,Ubuntu,1mo,2.9682,2167.0,AWS SageMaker,exact-gpu,H100 SXM,8,Linux,ap-south-1,6.7502,4928.0,synth,-56.0,"est from ml.p5.48xlarge (on_demand, x0.711)"
2 x H100 SXM,H100 SXM,2,Ubuntu,6mo,2.7901,12221.0,AWS SageMaker,exact-gpu,H100 SXM,8,Linux,ap-south-1,6.3452,27792.0,synth,-56.0,"est from ml.p5.48xlarge (on_demand, x0.668)"
2 x H100 SXM,H100 SXM,2,Ubuntu,12mo,2.6227,22975.0,AWS SageMaker,exact-gpu,H100 SXM,8,Linux,ap-south-1,5.9645,52249.0,synth,-56.0,"est from ml.p5.48xlarge (on_demand, x0.628)"
2 x H100 SXM,H100 SXM,2,Ubuntu,24mo,2.4653,43193.0,AWS SageMaker,exact-gpu,H100 SXM,8,Linux,ap-south-1,5.6066,98227.0,synth,-56.0,"est from ml.p5.48xlarge (on_demand, x0.590)"
2 x H100 SXM,H100 SXM,2,Ubuntu,36mo,2.3174,60902.0,AWS SageMaker,exact-gpu,H100 SXM,8,Linux,ap-south-1,5.2702,138501.0,synth,-56.0,"est from ml.p5.48xlarge (on_demand, x0.555)"
2 x H100 SXM,H100 SXM,2,Ubuntu,on_demand,4.175,,GCP,exact-gpu,H100 SXM,1,Linux,asia-south1,10.1884,,exact,-59.0,
2 x H100 SXM,H100 SXM,2,Ubuntu,1mo,2.9682,2167.0,GCP,exact-gpu,H100 SXM,1,Linux,asia-south1,4.7542,3471.0,synth,-37.6,"est from Nvidia H100 80GB GPU attached to DWS Defined Duration VMs running in Mumbai (12mo, x1.132)"
2 x H100 SXM,H100 SXM,2,Ubuntu,6mo,2.7901,12221.0,GCP,exact-gpu,H100 SXM,1,Linux,asia-south1,4.4689,19574.0,synth,-37.6,"est from Nvidia H100 80GB GPU attached to DWS Defined Duration VMs running in Mumbai (12mo, x1.064)"
2 x H100 SXM,H100 SXM,2,Ubuntu,12mo,2.6227,22975.0,GCP,exact-gpu,H100 SXM,1,Linux,asia-south1,4.2008,36799.0,exact,-37.6,
2 x H100 SXM,H100 SXM,2,Ubuntu,24mo,2.4653,43193.0,GCP,exact-gpu,H100 SXM,1,Linux,asia-south1,3.9487,69182.0,synth,-37.6,"est from Nvidia H100 80GB GPU attached to DWS Defined Duration VMs running in Mumbai (12mo, x0.940)"
2 x H100 SXM,H100 SXM,2,Ubuntu,36mo,2.3174,60902.0,GCP,exact-gpu,H100 SXM,1,Linux,asia-south1,4.4719,117522.0,exact,-48.2,
2 x H100 SXM,H100 SXM,2,Ubuntu,on_demand,4.175,,RunPod,exact-gpu,H100 SXM,1,Linux,global,2.89,,exact,44.5,
2 x H100 SXM,H100 SXM,2,Ubuntu,1mo,2.9682,2167.0,RunPod,exact-gpu,H100 SXM,1,Linux,global,2.6702,1949.0,synth,11.2,"est from H100 PCIe (6mo, x1.064)"
2 x H100 SXM,H100 SXM,2,Ubuntu,6mo,2.7901,12221.0,RunPod,exact-gpu,H100 SXM,1,Linux,global,2.51,10994.0,exact,11.2,
2 x H100 SXM,H100 SXM,2,Ubuntu,12mo,2.6227,22975.0,RunPod,exact-gpu,H100 SXM,1,Linux,global,2.3594,20668.0,synth,11.2,"est from H100 PCIe (6mo, x0.940)"
2 x H100 SXM,H100 SXM,2,Ubuntu,24mo,2.4653,43193.0,RunPod,exact-gpu,H100 SXM,1,Linux,global,2.8936,50696.0,synth,-14.8,"est from H100 PCIe (36mo, x1.064)"
2 x H100 SXM,H100 SXM,2,Ubuntu,36mo,2.3174,60902.0,RunPod,exact-gpu,H100 SXM,1,Linux,global,2.72,71482.0,exact,-14.8,
2 x H100 SXM,H100 SXM,2,Ubuntu,on_demand,4.175,,Vultr,nearest-gpu(Δ2),L40S,2,Linux,,1.5596,,exact,167.7,
2 x H100 SXM,H100 SXM,2,Ubuntu,1mo,2.9682,2167.0,Vultr,nearest-gpu(Δ2),L40S,2,Linux,,1.1088,809.0,synth,167.7,"est from on_demand (on_demand, x0.711)"
2 x H100 SXM,H100 SXM,2,Ubuntu,6mo,2.7901,12221.0,Vultr,nearest-gpu(Δ2),L40S,2,Linux,,1.0423,4565.0,synth,167.7,"est from on_demand (on_demand, x0.668)"
2 x H100 SXM,H100 SXM,2,Ubuntu,12mo,2.6227,22975.0,Vultr,nearest-gpu(Δ2),L40S,2,Linux,,0.9797,8582.0,synth,167.7,"est from on_demand (on_demand, x0.628)"
2 x H100 SXM,H100 SXM,2,Ubuntu,24mo,2.4653,43193.0,Vultr,nearest-gpu(Δ2),L40S,2,Linux,,0.9209,16135.0,synth,167.7,"est from on_demand (on_demand, x0.590)"
2 x H100 SXM,H100 SXM,2,Ubuntu,36mo,2.3174,60902.0,Vultr,nearest-gpu(Δ2),L40S,2,Linux,,0.8657,22750.0,synth,167.7,"est from on_demand (on_demand, x0.555)"
4 x H100 SXM,H100 SXM,4,Ubuntu,on_demand,4.175,,Azure,exact-gpu,H100 SXM,8,Linux,eastus,12.29,,exact,-66.0,
4 x H100 SXM,H100 SXM,4,Ubuntu,1mo,2.9682,2167.0,Azure,exact-gpu,H100 SXM,8,Linux,eastus,8.7375,6378.0,synth,-66.0,"est from Standard_ND96isr_H100_v5 (on_demand, x0.711)"
4 x H100 SXM,H100 SXM,4,Ubuntu,6mo,2.7901,12221.0,Azure,exact-gpu,H100 SXM,8,Linux,eastus,8.2132,35974.0,synth,-66.0,"est from Standard_ND96isr_H100_v5 (on_demand, x0.668)"
4 x H100 SXM,H100 SXM,4,Ubuntu,12mo,2.6227,22975.0,Azure,exact-gpu,H100 SXM,8,Linux,eastus,7.7204,67631.0,synth,-66.0,"est from Standard_ND96isr_H100_v5 (on_demand, x0.628)"
4 x H100 SXM,H100 SXM,4,Ubuntu,24mo,2.4653,43193.0,Azure,exact-gpu,H100 SXM,8,Linux,eastus,7.2572,127146.0,synth,-66.0,"est from Standard_ND96isr_H100_v5 (on_demand, x0.590)"
4 x H100 SXM,H100 SXM,4,Ubuntu,36mo,2.3174,60902.0,Azure,exact-gpu,H100 SXM,8,Linux,eastus,6.8218,179276.0,synth,-66.0,"est from Standard_ND96isr_H100_v5 (on_demand, x0.555)"
4 x H100 SXM,H100 SXM,4,Ubuntu,on_demand,4.175,,OCI,exact-gpu,H100 SXM,1,Linux,global,10.0,,exact,-58.2,
4 x H100 SXM,H100 SXM,4,Ubuntu,1mo,2.9682,2167.0,OCI,exact-gpu,H100 SXM,1,Linux,global,7.1094,5190.0,synth,-58.2,"est from Oracle Cloud Infrastructure - Compute - GPU - H100 (on_demand, x0.711)"
4 x H100 SXM,H100 SXM,4,Ubuntu,6mo,2.7901,12221.0,OCI,exact-gpu,H100 SXM,1,Linux,global,6.6829,29271.0,synth,-58.2,"est from Oracle Cloud Infrastructure - Compute - GPU - H100 (on_demand, x0.668)"
4 x H100 SXM,H100 SXM,4,Ubuntu,12mo,2.6227,22975.0,OCI,exact-gpu,H100 SXM,1,Linux,global,6.2819,55029.0,synth,-58.2,"est from Oracle Cloud Infrastructure - Compute - GPU - H100 (on_demand, x0.628)"
4 x H100 SXM,H100 SXM,4,Ubuntu,24mo,2.4653,43193.0,OCI,exact-gpu,H100 SXM,1,Linux,global,5.905,103455.0,synth,-58.2,"est from Oracle Cloud Infrastructure - Compute - GPU - H100 (on_demand, x0.590)"
4 x H100 SXM,H100 SXM,4,Ubuntu,36mo,2.3174,60902.0,OCI,exact-gpu,H100 SXM,1,Linux,global,5.5507,145872.0,synth,-58.2,"est from Oracle Cloud Infrastructure - Compute - GPU - H100 (on_demand, x0.555)"
4 x H100 SXM,H100 SXM,4,Ubuntu,on_demand,4.175,,AWS EC2,exact-gpu,H100 SXM,8,Linux,ap-south-1,8.256,,exact,-49.4,
4 x H100 SXM,H100 SXM,4,Ubuntu,1mo,2.9682,2167.0,AWS EC2,exact-gpu,H100 SXM,8,Linux,ap-south-1,5.8695,4285.0,synth,-49.4,"est from p5.48xlarge (on_demand, x0.711)"
4 x H100 SXM,H100 SXM,4,Ubuntu,6mo,2.7901,12221.0,AWS EC2,exact-gpu,H100 SXM,8,Linux,ap-south-1,4.2941,18808.0,synth,-35.0,"est from p5.48xlarge (36mo, x1.204)"
4 x H100 SXM,H100 SXM,4,Ubuntu,12mo,2.6227,22975.0,AWS EC2,exact-gpu,H100 SXM,8,Linux,ap-south-1,4.0364,35359.0,synth,-35.0,"est from p5.48xlarge (36mo, x1.132)"
4 x H100 SXM,H100 SXM,4,Ubuntu,24mo,2.4653,43193.0,AWS EC2,exact-gpu,H100 SXM,8,Linux,ap-south-1,3.7943,66475.0,synth,-35.0,"est from p5.48xlarge (36mo, x1.064)"
4 x H100 SXM,H100 SXM,4,Ubuntu,36mo,2.3174,60902.0,AWS EC2,exact-gpu,H100 SXM,8,Linux,ap-south-1,3.5666,93730.0,exact,-35.0,
4 x H100 SXM,H100 SXM,4,Ubuntu,on_demand,4.175,,AWS SageMaker,exact-gpu,H100 SXM,8,Linux,ap-south-1,9.4947,,exact,-56.0,
4 x H100 SXM,H100 SXM,4,Ubuntu,1mo,2.9682,2167.0,AWS SageMaker,exact-gpu,H100 SXM,8,Linux,ap-south-1,6.7502,4928.0,synth,-56.0,"est from ml.p5.48xlarge (on_demand, x0.711)"
4 x H100 SXM,H100 SXM,4,Ubuntu,6mo,2.7901,12221.0,AWS SageMaker,exact-gpu,H100 SXM,8,Linux,ap-south-1,6.3452,27792.0,synth,-56.0,"est from ml.p5.48xlarge (on_demand, x0.668)"
4 x H100 SXM,H100 SXM,4,Ubuntu,12mo,2.6227,22975.0,AWS SageMaker,exact-gpu,H100 SXM,8,Linux,ap-south-1,5.9645,52249.0,synth,-56.0,"est from ml.p5.48xlarge (on_demand, x0.628)"
4 x H100 SXM,H100 SXM,4,Ubuntu,24mo,2.4653,43193.0,AWS SageMaker,exact-gpu,H100 SXM,8,Linux,ap-south-1,5.6066,98227.0,synth,-56.0,"est from ml.p5.48xlarge (on_demand, x0.590)"
4 x H100 SXM,H100 SXM,4,Ubuntu,36mo,2.3174,60902.0,AWS SageMaker,exact-gpu,H100 SXM,8,Linux,ap-south-1,5.2702,138501.0,synth,-56.0,"est from ml.p5.48xlarge (on_demand, x0.555)"
4 x H100 SXM,H100 SXM,4,Ubuntu,on_demand,4.175,,GCP,exact-gpu,H100 SXM,1,Linux,asia-south1,10.1884,,exact,-59.0,
4 x H100 SXM,H100 SXM,4,Ubuntu,1mo,2.9682,2167.0,GCP,exact-gpu,H100 SXM,1,Linux,asia-south1,4.7542,3471.0,synth,-37.6,"est from Nvidia H100 80GB GPU attached to DWS Defined Duration VMs running in Mumbai (12mo, x1.132)"
4 x H100 SXM,H100 SXM,4,Ubuntu,6mo,2.7901,12221.0,GCP,exact-gpu,H100 SXM,1,Linux,asia-south1,4.4689,19574.0,synth,-37.6,"est from Nvidia H100 80GB GPU attached to DWS Defined Duration VMs running in Mumbai (12mo, x1.064)"
4 x H100 SXM,H100 SXM,4,Ubuntu,12mo,2.6227,22975.0,GCP,exact-gpu,H100 SXM,1,Linux,asia-south1,4.2008,36799.0,exact,-37.6,
4 x H100 SXM,H100 SXM,4,Ubuntu,24mo,2.4653,43193.0,GCP,exact-gpu,H100 SXM,1,Linux,asia-south1,3.9488,69182.0,synth,-37.6,"est from Nvidia H100 80GB GPU attached to DWS Defined Duration VMs running in Mumbai (12mo, x0.940)"
4 x H100 SXM,H100 SXM,4,Ubuntu,36mo,2.3174,60902.0,GCP,exact-gpu,H100 SXM,1,Linux,asia-south1,4.4719,117522.0,exact,-48.2,
4 x H100 SXM,H100 SXM,4,Ubuntu,on_demand,4.175,,RunPod,exact-gpu,H100 SXM,1,Linux,global,2.89,,exact,44.5,
4 x H100 SXM,H100 SXM,4,Ubuntu,1mo,2.9682,2167.0,RunPod,exact-gpu,H100 SXM,1,Linux,global,2.6702,1949.0,synth,11.2,"est from H100 PCIe (6mo, x1.064)"
4 x H100 SXM,H100 SXM,4,Ubuntu,6mo,2.7901,12221.0,RunPod,exact-gpu,H100 SXM,1,Linux,global,2.51,10994.0,exact,11.2,
4 x H100 SXM,H100 SXM,4,Ubuntu,12mo,2.6227,22975.0,RunPod,exact-gpu,H100 SXM,1,Linux,global,2.3594,20668.0,synth,11.2,"est from H100 PCIe (6mo, x0.940)"
4 x H100 SXM,H100 SXM,4,Ubuntu,24mo,2.4653,43193.0,RunPod,exact-gpu,H100 SXM,1,Linux,global,2.8936,50696.0,synth,-14.8,"est from H100 PCIe (36mo, x1.064)"
4 x H100 SXM,H100 SXM,4,Ubuntu,36mo,2.3174,60902.0,RunPod,exact-gpu,H100 SXM,1,Linux,global,2.72,71482.0,exact,-14.8,
4 x H100 SXM,H100 SXM,4,Ubuntu,on_demand,4.175,,Vultr,nearest-gpu(Δ2),L40S,4,Linux,,1.5596,,exact,167.7,
4 x H100 SXM,H100 SXM,4,Ubuntu,1mo,2.9682,2167.0,Vultr,nearest-gpu(Δ2),L40S,4,Linux,,1.1088,809.0,synth,167.7,"est from on_demand (on_demand, x0.711)"
4 x H100 SXM,H100 SXM,4,Ubuntu,6mo,2.7901,12221.0,Vultr,nearest-gpu(Δ2),L40S,4,Linux,,1.0423,4565.0,synth,167.7,"est from on_demand (on_demand, x0.668)"
4 x H100 SXM,H100 SXM,4,Ubuntu,12mo,2.6227,22975.0,Vultr,nearest-gpu(Δ2),L40S,4,Linux,,0.9797,8582.0,synth,167.7,"est from on_demand (on_demand, x0.628)"
4 x H100 SXM,H100 SXM,4,Ubuntu,24mo,2.4653,43193.0,Vultr,nearest-gpu(Δ2),L40S,4,Linux,,0.9209,16135.0,synth,167.7,"est from on_demand (on_demand, x0.590)"
4 x H100 SXM,H100 SXM,4,Ubuntu,36mo,2.3174,60902.0,Vultr,nearest-gpu(Δ2),L40S,4,Linux,,0.8657,22750.0,synth,167.7,"est from on_demand (on_demand, x0.555)"
1 x H100 NVL,H100 NVL,1,Ubuntu,on_demand,4.175,,Azure,exact-gpu,H100 NVL,1,Linux,eastus,6.98,,exact,-40.2,
1 x H100 NVL,H100 NVL,1,Ubuntu,1mo,2.9682,2167.0,Azure,exact-gpu,H100 NVL,1,Linux,eastus,6.5716,4797.0,synth,-54.8,"est from Standard_NC40ads_H100_v5 (12mo, x1.132)"
1 x H100 NVL,H100 NVL,1,Ubuntu,6mo,2.7901,12221.0,Azure,exact-gpu,H100 NVL,1,Linux,eastus,6.1773,27057.0,synth,-54.8,"est from Standard_NC40ads_H100_v5 (12mo, x1.064)"
1 x H100 NVL,H100 NVL,1,Ubuntu,12mo,2.6227,22975.0,Azure,exact-gpu,H100 NVL,1,Linux,eastus,5.8067,50867.0,exact,-54.8,
1 x H100 NVL,H100 NVL,1,Ubuntu,24mo,2.4653,43193.0,Azure,exact-gpu,H100 NVL,1,Linux,eastus,5.4583,95630.0,synth,-54.8,"est from Standard_NC40ads_H100_v5 (12mo, x0.940)"
1 x H100 NVL,H100 NVL,1,Ubuntu,36mo,2.3174,60902.0,Azure,exact-gpu,H100 NVL,1,Linux,eastus,4.306,113162.0,exact,-46.2,
1 x H100 NVL,H100 NVL,1,Ubuntu,on_demand,4.175,,OCI,nearest-gpu(Δ1),H100 SXM,1,Linux,global,10.0,,exact,-58.2,
1 x H100 NVL,H100 NVL,1,Ubuntu,1mo,2.9682,2167.0,OCI,nearest-gpu(Δ1),H100 SXM,1,Linux,global,7.1094,5190.0,synth,-58.2,"est from Oracle Cloud Infrastructure - Compute - GPU - H100 (on_demand, x0.711)"
1 x H100 NVL,H100 NVL,1,Ubuntu,6mo,2.7901,12221.0,OCI,nearest-gpu(Δ1),H100 SXM,1,Linux,global,6.6829,29271.0,synth,-58.2,"est from Oracle Cloud Infrastructure - Compute - GPU - H100 (on_demand, x0.668)"
1 x H100 NVL,H100 NVL,1,Ubuntu,12mo,2.6227,22975.0,OCI,nearest-gpu(Δ1),H100 SXM,1,Linux,global,6.2819,55029.0,synth,-58.2,"est from Oracle Cloud Infrastructure - Compute - GPU - H100 (on_demand, x0.628)"
1 x H100 NVL,H100 NVL,1,Ubuntu,24mo,2.4653,43193.0,OCI,nearest-gpu(Δ1),H100 SXM,1,Linux,global,5.905,103455.0,synth,-58.2,"est from Oracle Cloud Infrastructure - Compute - GPU - H100 (on_demand, x0.590)"
1 x H100 NVL,H100 NVL,1,Ubuntu,36mo,2.3174,60902.0,OCI,nearest-gpu(Δ1),H100 SXM,1,Linux,global,5.5507,145872.0,synth,-58.2,"est from Oracle Cloud Infrastructure - Compute - GPU - H100 (on_demand, x0.555)"
1 x H100 NVL,H100 NVL,1,Ubuntu,on_demand,4.175,,OCI,nearest-gpu(Δ1),L40S,1,Linux,global,0.6,,exact,595.8,
1 x H100 NVL,H100 NVL,1,Ubuntu,1mo,2.9682,2167.0,OCI,nearest-gpu(Δ1),L40S,1,Linux,global,0.4266,311.0,synth,595.8,"est from Oracle Compute Cloud@Customer - Compute - GPU.L40S - Resource Commit (on_demand, x0.711)"
1 x H100 NVL,H100 NVL,1,Ubuntu,6mo,2.7901,12221.0,OCI,nearest-gpu(Δ1),L40S,1,Linux,global,0.401,1756.0,synth,595.8,"est from Oracle Compute Cloud@Customer - Compute - GPU.L40S - Resource Commit (on_demand, x0.668)"
1 x H100 NVL,H100 NVL,1,Ubuntu,12mo,2.6227,22975.0,OCI,nearest-gpu(Δ1),L40S,1,Linux,global,0.3769,3302.0,synth,595.8,"est from Oracle Compute Cloud@Customer - Compute - GPU.L40S - Resource Commit (on_demand, x0.628)"
1 x H100 NVL,H100 NVL,1,Ubuntu,24mo,2.4653,43193.0,OCI,nearest-gpu(Δ1),L40S,1,Linux,global,0.3543,6207.0,synth,595.8,"est from Oracle Compute Cloud@Customer - Compute - GPU.L40S - Resource Commit (on_demand, x0.590)"
1 x H100 NVL,H100 NVL,1,Ubuntu,36mo,2.3174,60902.0,OCI,nearest-gpu(Δ1),L40S,1,Linux,global,0.333,8752.0,synth,595.8,"est from Oracle Compute Cloud@Customer - Compute - GPU.L40S - Resource Commit (on_demand, x0.555)"
1 x H100 NVL,H100 NVL,1,Ubuntu,on_demand,4.175,,AWS EC2,nearest-gpu(Δ1),H100 SXM,8,Linux,ap-south-1,8.256,,exact,-49.4,
1 x H100 NVL,H100 NVL,1,Ubuntu,1mo,2.9682,2167.0,AWS EC2,nearest-gpu(Δ1),H100 SXM,8,Linux,ap-south-1,5.8695,4285.0,synth,-49.4,"est from p5.48xlarge (on_demand, x0.711)"
1 x H100 NVL,H100 NVL,1,Ubuntu,6mo,2.7901,12221.0,AWS EC2,nearest-gpu(Δ1),H100 SXM,8,Linux,ap-south-1,4.2941,18808.0,synth,-35.0,"est from p5.48xlarge (36mo, x1.204)"
1 x H100 NVL,H100 NVL,1,Ubuntu,12mo,2.6227,22975.0,AWS EC2,nearest-gpu(Δ1),H100 SXM,8,Linux,ap-south-1,4.0364,35359.0,synth,-35.0,"est from p5.48xlarge (36mo, x1.132)"
1 x H100 NVL,H100 NVL,1,Ubuntu,24mo,2.4653,43193.0,AWS EC2,nearest-gpu(Δ1),H100 SXM,8,Linux,ap-south-1,3.7943,66475.0,synth,-35.0,"est from p5.48xlarge (36mo, x1.064)"
1 x H100 NVL,H100 NVL,1,Ubuntu,36mo,2.3174,60902.0,AWS EC2,nearest-gpu(Δ1),H100 SXM,8,Linux,ap-south-1,3.5666,93730.0,exact,-35.0,
1 x H100 NVL,H100 NVL,1,Ubuntu,on_demand,4.175,,AWS EC2,nearest-gpu(Δ1),L40S,1,Linux,ap-south-1,2.235,,exact,86.8,
1 x H100 NVL,H100 NVL,1,Ubuntu,1mo,2.9682,2167.0,AWS EC2,nearest-gpu(Δ1),L40S,1,Linux,ap-south-1,1.5936,1163.0,synth,86.3,"est from g6e.xlarge (12mo, x1.132)"
1 x H100 NVL,H100 NVL,1,Ubuntu,6mo,2.7901,12221.0,AWS EC2,nearest-gpu(Δ1),L40S,1,Linux,ap-south-1,1.498,6561.0,synth,86.3,"est from g6e.xlarge (12mo, x1.064)"
1 x H100 NVL,H100 NVL,1,Ubuntu,12mo,2.6227,22975.0,AWS EC2,nearest-gpu(Δ1),L40S,1,Linux,ap-south-1,1.4081,12335.0,exact,86.3,
1 x H100 NVL,H100 NVL,1,Ubuntu,24mo,2.4653,43193.0,AWS EC2,nearest-gpu(Δ1),L40S,1,Linux,ap-south-1,1.3236,23190.0,synth,86.3,"est from g6e.xlarge (12mo, x0.940)"
1 x H100 NVL,H100 NVL,1,Ubuntu,36mo,2.3174,60902.0,AWS EC2,nearest-gpu(Δ1),L40S,1,Linux,ap-south-1,0.9655,25373.0,exact,140.0,
1 x H100 NVL,H100 NVL,1,Ubuntu,on_demand,4.175,,AWS SageMaker,nearest-gpu(Δ1),H100 SXM,8,Linux,ap-south-1,9.4947,,exact,-56.0,
1 x H100 NVL,H100 NVL,1,Ubuntu,1mo,2.9682,2167.0,AWS SageMaker,nearest-gpu(Δ1),H100 SXM,8,Linux,ap-south-1,6.7502,4928.0,synth,-56.0,"est from ml.p5.48xlarge (on_demand, x0.711)"
1 x H100 NVL,H100 NVL,1,Ubuntu,6mo,2.7901,12221.0,AWS SageMaker,nearest-gpu(Δ1),H100 SXM,8,Linux,ap-south-1,6.3452,27792.0,synth,-56.0,"est from ml.p5.48xlarge (on_demand, x0.668)"
1 x H100 NVL,H100 NVL,1,Ubuntu,12mo,2.6227,22975.0,AWS SageMaker,nearest-gpu(Δ1),H100 SXM,8,Linux,ap-south-1,5.9645,52249.0,synth,-56.0,"est from ml.p5.48xlarge (on_demand, x0.628)"
1 x H100 NVL,H100 NVL,1,Ubuntu,24mo,2.4653,43193.0,AWS SageMaker,nearest-gpu(Δ1),H100 SXM,8,Linux,ap-south-1,5.6066,98228.0,synth,-56.0,"est from ml.p5.48xlarge (on_demand, x0.590)"
1 x H100 NVL,H100 NVL,1,Ubuntu,36mo,2.3174,60902.0,AWS SageMaker,nearest-gpu(Δ1),H100 SXM,8,Linux,ap-south-1,5.2702,138501.0,synth,-56.0,"est from ml.p5.48xlarge (on_demand, x0.555)"
1 x H100 NVL,H100 NVL,1,Ubuntu,on_demand,4.175,,AWS SageMaker,nearest-gpu(Δ1),L40S,1,Linux,ap-south-1,3.129,,exact,33.4,
1 x H100 NVL,H100 NVL,1,Ubuntu,1mo,2.9682,2167.0,AWS SageMaker,nearest-gpu(Δ1),L40S,1,Linux,ap-south-1,2.2245,1624.0,synth,33.4,"est from ml.g6e.xlarge (on_demand, x0.711)"
1 x H100 NVL,H100 NVL,1,Ubuntu,6mo,2.7901,12221.0,AWS SageMaker,nearest-gpu(Δ1),L40S,1,Linux,ap-south-1,2.0911,9159.0,synth,33.4,"est from ml.g6e.xlarge (on_demand, x0.668)"
1 x H100 NVL,H100 NVL,1,Ubuntu,12mo,2.6227,22975.0,AWS SageMaker,nearest-gpu(Δ1),L40S,1,Linux,ap-south-1,1.9656,17219.0,synth,33.4,"est from ml.g6e.xlarge (on_demand, x0.628)"
1 x H100 NVL,H100 NVL,1,Ubuntu,24mo,2.4653,43193.0,AWS SageMaker,nearest-gpu(Δ1),L40S,1,Linux,ap-south-1,1.8477,32371.0,synth,33.4,"est from ml.g6e.xlarge (on_demand, x0.590)"
1 x H100 NVL,H100 NVL,1,Ubuntu,36mo,2.3174,60902.0,AWS SageMaker,nearest-gpu(Δ1),L40S,1,Linux,ap-south-1,1.7368,45643.0,synth,33.4,"est from ml.g6e.xlarge (on_demand, x0.555)"
1 x H100 NVL,H100 NVL,1,Ubuntu,on_demand,4.175,,GCP,nearest-gpu(Δ1),H100 SXM,1,Linux,asia-south1,10.1884,,exact,-59.0,
1 x H100 NVL,H100 NVL,1,Ubuntu,1mo,2.9682,2167.0,GCP,nearest-gpu(Δ1),H100 SXM,1,Linux,asia-south1,4.7542,3471.0,synth,-37.6,"est from Nvidia H100 80GB GPU attached to DWS Defined Duration VMs running in Mumbai (12mo, x1.132)"
1 x H100 NVL,H100 NVL,1,Ubuntu,6mo,2.7901,12221.0,GCP,nearest-gpu(Δ1),H100 SXM,1,Linux,asia-south1,4.4689,19574.0,synth,-37.6,"est from Nvidia H100 80GB GPU attached to DWS Defined Duration VMs running in Mumbai (12mo, x1.064)"
1 x H100 NVL,H100 NVL,1,Ubuntu,12mo,2.6227,22975.0,GCP,nearest-gpu(Δ1),H100 SXM,1,Linux,asia-south1,4.2008,36799.0,exact,-37.6,
1 x H100 NVL,H100 NVL,1,Ubuntu,24mo,2.4653,43193.0,GCP,nearest-gpu(Δ1),H100 SXM,1,Linux,asia-south1,3.9488,69182.0,synth,-37.6,"est from Nvidia H100 80GB GPU attached to DWS Defined Duration VMs running in Mumbai (12mo, x0.940)"
1 x H100 NVL,H100 NVL,1,Ubuntu,36mo,2.3174,60902.0,GCP,nearest-gpu(Δ1),H100 SXM,1,Linux,asia-south1,4.4719,117522.0,exact,-48.2,
1 x H100 NVL,H100 NVL,1,Ubuntu,on_demand,4.175,,GCP,nearest-gpu(Δ2),L4,1,Linux,asia-south1,0.583,,exact,616.1,
1 x H100 NVL,H100 NVL,1,Ubuntu,1mo,2.9682,2167.0,GCP,nearest-gpu(Δ2),L4,1,Linux,asia-south1,0.4157,303.0,synth,614.1,"est from Commitment v1: Nvidia L4 GPU running in Mumbai for 1 Year (12mo, x1.132)"
1 x H100 NVL,H100 NVL,1,Ubuntu,6mo,2.7901,12221.0,GCP,nearest-gpu(Δ2),L4,1,Linux,asia-south1,0.3907,1711.0,synth,614.1,"est from Commitment v1: Nvidia L4 GPU running in Mumbai for 1 Year (12mo, x1.064)"
1 x H100 NVL,H100 NVL,1,Ubuntu,12mo,2.6227,22975.0,GCP,nearest-gpu(Δ2),L4,1,Linux,asia-south1,0.3673,3218.0,exact,614.1,
1 x H100 NVL,H100 NVL,1,Ubuntu,24mo,2.4653,43193.0,GCP,nearest-gpu(Δ2),L4,1,Linux,asia-south1,0.3453,6049.0,synth,614.1,"est from Commitment v1: Nvidia L4 GPU running in Mumbai for 1 Year (12mo, x0.940)"
1 x H100 NVL,H100 NVL,1,Ubuntu,36mo,2.3174,60902.0,GCP,nearest-gpu(Δ2),L4,1,Linux,asia-south1,0.2623,6893.0,exact,783.5,
1 x H100 NVL,H100 NVL,1,Ubuntu,on_demand,4.175,,RunPod,nearest-gpu(Δ1),H100 SXM,1,Linux,global,2.89,,exact,44.5,
1 x H100 NVL,H100 NVL,1,Ubuntu,1mo,2.9682,2167.0,RunPod,nearest-gpu(Δ1),H100 SXM,1,Linux,global,2.6702,1949.0,synth,11.2,"est from H100 PCIe (6mo, x1.064)"
1 x H100 NVL,H100 NVL,1,Ubuntu,6mo,2.7901,12221.0,RunPod,nearest-gpu(Δ1),H100 SXM,1,Linux,global,2.51,10994.0,exact,11.2,
1 x H100 NVL,H100 NVL,1,Ubuntu,12mo,2.6227,22975.0,RunPod,nearest-gpu(Δ1),H100 SXM,1,Linux,global,2.3594,20668.0,synth,11.2,"est from H100 PCIe (6mo, x0.940)"
1 x H100 NVL,H100 NVL,1,Ubuntu,24mo,2.4653,43193.0,RunPod,nearest-gpu(Δ1),H100 SXM,1,Linux,global,2.8936,50696.0,synth,-14.8,"est from H100 PCIe (36mo, x1.064)"
1 x H100 NVL,H100 NVL,1,Ubuntu,36mo,2.3174,60902.0,RunPod,nearest-gpu(Δ1),H100 SXM,1,Linux,global,2.72,71482.0,exact,-14.8,
1 x H100 NVL,H100 NVL,1,Ubuntu,on_demand,4.175,,RunPod,nearest-gpu(Δ1),L40S,1,Linux,global,0.86,,exact,385.5,
1 x H100 NVL,H100 NVL,1,Ubuntu,1mo,2.9682,2167.0,RunPod,nearest-gpu(Δ1),L40S,1,Linux,global,0.7777,568.0,synth,281.7,"est from L40S (6mo, x1.064)"
1 x H100 NVL,H100 NVL,1,Ubuntu,6mo,2.7901,12221.0,RunPod,nearest-gpu(Δ1),L40S,1,Linux,global,0.731,3202.0,exact,281.7,
1 x H100 NVL,H100 NVL,1,Ubuntu,12mo,2.6227,22975.0,RunPod,nearest-gpu(Δ1),L40S,1,Linux,global,0.6871,6019.0,synth,281.7,"est from L40S (6mo, x0.940)"
1 x H100 NVL,H100 NVL,1,Ubuntu,24mo,2.4653,43193.0,RunPod,nearest-gpu(Δ1),L40S,1,Linux,global,0.7957,13941.0,synth,209.8,"est from L40S (36mo, x1.064)"
1 x H100 NVL,H100 NVL,1,Ubuntu,36mo,2.3174,60902.0,RunPod,nearest-gpu(Δ1),L40S,1,Linux,global,0.748,19657.0,exact,209.8,
1 x H100 NVL,H100 NVL,1,Ubuntu,on_demand,4.175,,Vultr,nearest-gpu(Δ1),L40S,1,Linux,,1.5596,,exact,167.7,
1 x H100 NVL,H100 NVL,1,Ubuntu,1mo,2.9682,2167.0,Vultr,nearest-gpu(Δ1),L40S,1,Linux,,1.1088,809.0,synth,167.7,"est from on_demand (on_demand, x0.711)"
1 x H100 NVL,H100 NVL,1,Ubuntu,6mo,2.7901,12221.0,Vultr,nearest-gpu(Δ1),L40S,1,Linux,,1.0423,4565.0,synth,167.7,"est from on_demand (on_demand, x0.668)"
1 x H100 NVL,H100 NVL,1,Ubuntu,12mo,2.6227,22975.0,Vultr,nearest-gpu(Δ1),L40S,1,Linux,,0.9797,8582.0,synth,167.7,"est from on_demand (on_demand, x0.628)"
1 x H100 NVL,H100 NVL,1,Ubuntu,24mo,2.4653,43193.0,Vultr,nearest-gpu(Δ1),L40S,1,Linux,,0.9209,16135.0,synth,167.7,"est from on_demand (on_demand, x0.590)"
1 x H100 NVL,H100 NVL,1,Ubuntu,36mo,2.3174,60902.0,Vultr,nearest-gpu(Δ1),L40S,1,Linux,,0.8657,22750.0,synth,167.7,"est from on_demand (on_demand, x0.555)"
2 x H100 NVL,H100 NVL,2,Ubuntu,on_demand,4.175,,Azure,exact-gpu,H100 NVL,2,Linux,eastus,6.98,,exact,-40.2,
2 x H100 NVL,H100 NVL,2,Ubuntu,1mo,2.9682,2167.0,Azure,exact-gpu,H100 NVL,2,Linux,eastus,6.5716,4797.0,synth,-54.8,"est from Standard_NC80adis_H100_v5 (12mo, x1.132)"
2 x H100 NVL,H100 NVL,2,Ubuntu,6mo,2.7901,12221.0,Azure,exact-gpu,H100 NVL,2,Linux,eastus,6.1773,27057.0,synth,-54.8,"est from Standard_NC80adis_H100_v5 (12mo, x1.064)"
2 x H100 NVL,H100 NVL,2,Ubuntu,12mo,2.6227,22975.0,Azure,exact-gpu,H100 NVL,2,Linux,eastus,5.8067,50867.0,exact,-54.8,
2 x H100 NVL,H100 NVL,2,Ubuntu,24mo,2.4653,43193.0,Azure,exact-gpu,H100 NVL,2,Linux,eastus,5.4583,95629.0,synth,-54.8,"est from Standard_NC80adis_H100_v5 (12mo, x0.940)"
2 x H100 NVL,H100 NVL,2,Ubuntu,36mo,2.3174,60902.0,Azure,exact-gpu,H100 NVL,2,Linux,eastus,4.306,113162.0,exact,-46.2,
2 x H100 NVL,H100 NVL,2,Ubuntu,on_demand,4.175,,OCI,nearest-gpu(Δ1),H100 SXM,1,Linux,global,10.0,,exact,-58.2,
2 x H100 NVL,H100 NVL,2,Ubuntu,1mo,2.9682,2167.0,OCI,nearest-gpu(Δ1),H100 SXM,1,Linux,global,7.1094,5190.0,synth,-58.2,"est from Oracle Cloud Infrastructure - Compute - GPU - H100 (on_demand, x0.711)"
2 x H100 NVL,H100 NVL,2,Ubuntu,6mo,2.7901,12221.0,OCI,nearest-gpu(Δ1),H100 SXM,1,Linux,global,6.6829,29271.0,synth,-58.2,"est from Oracle Cloud Infrastructure - Compute - GPU - H100 (on_demand, x0.668)"
2 x H100 NVL,H100 NVL,2,Ubuntu,12mo,2.6227,22975.0,OCI,nearest-gpu(Δ1),H100 SXM,1,Linux,global,6.2819,55029.0,synth,-58.2,"est from Oracle Cloud Infrastructure - Compute - GPU - H100 (on_demand, x0.628)"
2 x H100 NVL,H100 NVL,2,Ubuntu,24mo,2.4653,43193.0,OCI,nearest-gpu(Δ1),H100 SXM,1,Linux,global,5.905,103455.0,synth,-58.2,"est from Oracle Cloud Infrastructure - Compute - GPU - H100 (on_demand, x0.590)"
2 x H100 NVL,H100 NVL,2,Ubuntu,36mo,2.3174,60902.0,OCI,nearest-gpu(Δ1),H100 SXM,1,Linux,global,5.5507,145872.0,synth,-58.2,"est from Oracle Cloud Infrastructure - Compute - GPU - H100 (on_demand, x0.555)"
2 x H100 NVL,H100 NVL,2,Ubuntu,on_demand,4.175,,OCI,nearest-gpu(Δ1),L40S,1,Linux,global,0.6,,exact,595.8,
2 x H100 NVL,H100 NVL,2,Ubuntu,1mo,2.9682,2167.0,OCI,nearest-gpu(Δ1),L40S,1,Linux,global,0.4266,311.0,synth,595.8,"est from Oracle Compute Cloud@Customer - Compute - GPU.L40S - Resource Commit (on_demand, x0.711)"
2 x H100 NVL,H100 NVL,2,Ubuntu,6mo,2.7901,12221.0,OCI,nearest-gpu(Δ1),L40S,1,Linux,global,0.401,1756.0,synth,595.8,"est from Oracle Compute Cloud@Customer - Compute - GPU.L40S - Resource Commit (on_demand, x0.668)"
2 x H100 NVL,H100 NVL,2,Ubuntu,12mo,2.6227,22975.0,OCI,nearest-gpu(Δ1),L40S,1,Linux,global,0.3769,3302.0,synth,595.8,"est from Oracle Compute Cloud@Customer - Compute - GPU.L40S - Resource Commit (on_demand, x0.628)"
2 x H100 NVL,H100 NVL,2,Ubuntu,24mo,2.4653,43193.0,OCI,nearest-gpu(Δ1),L40S,1,Linux,global,0.3543,6207.0,synth,595.8,"est from Oracle Compute Cloud@Customer - Compute - GPU.L40S - Resource Commit (on_demand, x0.590)"
2 x H100 NVL,H100 NVL,2,Ubuntu,36mo,2.3174,60902.0,OCI,nearest-gpu(Δ1),L40S,1,Linux,global,0.333,8752.0,synth,595.8,"est from Oracle Compute Cloud@Customer - Compute - GPU.L40S - Resource Commit (on_demand, x0.555)"
2 x H100 NVL,H100 NVL,2,Ubuntu,on_demand,4.175,,AWS EC2,nearest-gpu(Δ1),H100 SXM,8,Linux,ap-south-1,8.256,,exact,-49.4,
2 x H100 NVL,H100 NVL,2,Ubuntu,1mo,2.9682,2167.0,AWS EC2,nearest-gpu(Δ1),H100 SXM,8,Linux,ap-south-1,5.8695,4285.0,synth,-49.4,"est from p5.48xlarge (on_demand, x0.711)"
2 x H100 NVL,H100 NVL,2,Ubuntu,6mo,2.7901,12221.0,AWS EC2,nearest-gpu(Δ1),H100 SXM,8,Linux,ap-south-1,4.2941,18808.0,synth,-35.0,"est from p5.48xlarge (36mo, x1.204)"
2 x H100 NVL,H100 NVL,2,Ubuntu,12mo,2.6227,22975.0,AWS EC2,nearest-gpu(Δ1),H100 SXM,8,Linux,ap-south-1,4.0364,35359.0,synth,-35.0,"est from p5.48xlarge (36mo, x1.132)"
2 x H100 NVL,H100 NVL,2,Ubuntu,24mo,2.4653,43193.0,AWS EC2,nearest-gpu(Δ1),H100 SXM,8,Linux,ap-south-1,3.7943,66475.0,synth,-35.0,"est from p5.48xlarge (36mo, x1.064)"
2 x H100 NVL,H100 NVL,2,Ubuntu,36mo,2.3174,60902.0,AWS EC2,nearest-gpu(Δ1),H100 SXM,8,Linux,ap-south-1,3.5666,93730.0,exact,-35.0,
2 x H100 NVL,H100 NVL,2,Ubuntu,on_demand,4.175,,AWS EC2,nearest-gpu(Δ1),L40S,1,Linux,ap-south-1,2.235,,exact,86.8,
2 x H100 NVL,H100 NVL,2,Ubuntu,1mo,2.9682,2167.0,AWS EC2,nearest-gpu(Δ1),L40S,1,Linux,ap-south-1,1.5936,1163.0,synth,86.3,"est from g6e.xlarge (12mo, x1.132)"
2 x H100 NVL,H100 NVL,2,Ubuntu,6mo,2.7901,12221.0,AWS EC2,nearest-gpu(Δ1),L40S,1,Linux,ap-south-1,1.498,6561.0,synth,86.3,"est from g6e.xlarge (12mo, x1.064)"
2 x H100 NVL,H100 NVL,2,Ubuntu,12mo,2.6227,22975.0,AWS EC2,nearest-gpu(Δ1),L40S,1,Linux,ap-south-1,1.4081,12335.0,exact,86.3,
2 x H100 NVL,H100 NVL,2,Ubuntu,24mo,2.4653,43193.0,AWS EC2,nearest-gpu(Δ1),L40S,1,Linux,ap-south-1,1.3236,23190.0,synth,86.3,"est from g6e.xlarge (12mo, x0.940)"
2 x H100 NVL,H100 NVL,2,Ubuntu,36mo,2.3174,60902.0,AWS EC2,nearest-gpu(Δ1),L40S,1,Linux,ap-south-1,0.9655,25373.0,exact,140.0,
2 x H100 NVL,H100 NVL,2,Ubuntu,on_demand,4.175,,AWS SageMaker,nearest-gpu(Δ1),H100 SXM,8,Linux,ap-south-1,9.4947,,exact,-56.0,
2 x H100 NVL,H100 NVL,2,Ubuntu,1mo,2.9682,2167.0,AWS SageMaker,nearest-gpu(Δ1),H100 SXM,8,Linux,ap-south-1,6.7502,4928.0,synth,-56.0,"est from ml.p5.48xlarge (on_demand, x0.711)"
2 x H100 NVL,H100 NVL,2,Ubuntu,6mo,2.7901,12221.0,AWS SageMaker,nearest-gpu(Δ1),H100 SXM,8,Linux,ap-south-1,6.3452,27792.0,synth,-56.0,"est from ml.p5.48xlarge (on_demand, x0.668)"
2 x H100 NVL,H100 NVL,2,Ubuntu,12mo,2.6227,22975.0,AWS SageMaker,nearest-gpu(Δ1),H100 SXM,8,Linux,ap-south-1,5.9645,52249.0,synth,-56.0,"est from ml.p5.48xlarge (on_demand, x0.628)"
2 x H100 NVL,H100 NVL,2,Ubuntu,24mo,2.4653,43193.0,AWS SageMaker,nearest-gpu(Δ1),H100 SXM,8,Linux,ap-south-1,5.6066,98227.0,synth,-56.0,"est from ml.p5.48xlarge (on_demand, x0.590)"
2 x H100 NVL,H100 NVL,2,Ubuntu,36mo,2.3174,60902.0,AWS SageMaker,nearest-gpu(Δ1),H100 SXM,8,Linux,ap-south-1,5.2702,138501.0,synth,-56.0,"est from ml.p5.48xlarge (on_demand, x0.555)"
2 x H100 NVL,H100 NVL,2,Ubuntu,on_demand,4.175,,AWS SageMaker,nearest-gpu(Δ1),L40S,1,Linux,ap-south-1,3.129,,exact,33.4,
2 x H100 NVL,H100 NVL,2,Ubuntu,1mo,2.9682,2167.0,AWS SageMaker,nearest-gpu(Δ1),L40S,1,Linux,ap-south-1,2.2245,1624.0,synth,33.4,"est from ml.g6e.xlarge (on_demand, x0.711)"
2 x H100 NVL,H100 NVL,2,Ubuntu,6mo,2.7901,12221.0,AWS SageMaker,nearest-gpu(Δ1),L40S,1,Linux,ap-south-1,2.0911,9159.0,synth,33.4,"est from ml.g6e.xlarge (on_demand, x0.668)"
2 x H100 NVL,H100 NVL,2,Ubuntu,12mo,2.6227,22975.0,AWS SageMaker,nearest-gpu(Δ1),L40S,1,Linux,ap-south-1,1.9656,17219.0,synth,33.4,"est from ml.g6e.xlarge (on_demand, x0.628)"
2 x H100 NVL,H100 NVL,2,Ubuntu,24mo,2.4653,43193.0,AWS SageMaker,nearest-gpu(Δ1),L40S,1,Linux,ap-south-1,1.8477,32371.0,synth,33.4,"est from ml.g6e.xlarge (on_demand, x0.590)"
2 x H100 NVL,H100 NVL,2,Ubuntu,36mo,2.3174,60902.0,AWS SageMaker,nearest-gpu(Δ1),L40S,1,Linux,ap-south-1,1.7368,45643.0,synth,33.4,"est from ml.g6e.xlarge (on_demand, x0.555)"
2 x H100 NVL,H100 NVL,2,Ubuntu,on_demand,4.175,,GCP,nearest-gpu(Δ1),H100 SXM,1,Linux,asia-south1,10.1884,,exact,-59.0,
2 x H100 NVL,H100 NVL,2,Ubuntu,1mo,2.9682,2167.0,GCP,nearest-gpu(Δ1),H100 SXM,1,Linux,asia-south1,4.7542,3471.0,synth,-37.6,"est from Nvidia H100 80GB GPU attached to DWS Defined Duration VMs running in Mumbai (12mo, x1.132)"
2 x H100 NVL,H100 NVL,2,Ubuntu,6mo,2.7901,12221.0,GCP,nearest-gpu(Δ1),H100 SXM,1,Linux,asia-south1,4.4689,19574.0,synth,-37.6,"est from Nvidia H100 80GB GPU attached to DWS Defined Duration VMs running in Mumbai (12mo, x1.064)"
2 x H100 NVL,H100 NVL,2,Ubuntu,12mo,2.6227,22975.0,GCP,nearest-gpu(Δ1),H100 SXM,1,Linux,asia-south1,4.2008,36799.0,exact,-37.6,
2 x H100 NVL,H100 NVL,2,Ubuntu,24mo,2.4653,43193.0,GCP,nearest-gpu(Δ1),H100 SXM,1,Linux,asia-south1,3.9487,69182.0,synth,-37.6,"est from Nvidia H100 80GB GPU attached to DWS Defined Duration VMs running in Mumbai (12mo, x0.940)"
2 x H100 NVL,H100 NVL,2,Ubuntu,36mo,2.3174,60902.0,GCP,nearest-gpu(Δ1),H100 SXM,1,Linux,asia-south1,4.4719,117522.0,exact,-48.2,
2 x H100 NVL,H100 NVL,2,Ubuntu,on_demand,4.175,,GCP,nearest-gpu(Δ2),L4,1,Linux,asia-south1,0.583,,exact,616.1,
2 x H100 NVL,H100 NVL,2,Ubuntu,1mo,2.9682,2167.0,GCP,nearest-gpu(Δ2),L4,1,Linux,asia-south1,0.4157,303.0,synth,614.1,"est from Commitment v1: Nvidia L4 GPU running in Mumbai for 1 Year (12mo, x1.132)"
2 x H100 NVL,H100 NVL,2,Ubuntu,6mo,2.7901,12221.0,GCP,nearest-gpu(Δ2),L4,1,Linux,asia-south1,0.3907,1711.0,synth,614.1,"est from Commitment v1: Nvidia L4 GPU running in Mumbai for 1 Year (12mo, x1.064)"
2 x H100 NVL,H100 NVL,2,Ubuntu,12mo,2.6227,22975.0,GCP,nearest-gpu(Δ2),L4,1,Linux,asia-south1,0.3673,3218.0,exact,614.1,
2 x H100 NVL,H100 NVL,2,Ubuntu,24mo,2.4653,43193.0,GCP,nearest-gpu(Δ2),L4,1,Linux,asia-south1,0.3453,6049.0,synth,614.1,"est from Commitment v1: Nvidia L4 GPU running in Mumbai for 1 Year (12mo, x0.940)"
2 x H100 NVL,H100 NVL,2,Ubuntu,36mo,2.3174,60902.0,GCP,nearest-gpu(Δ2),L4,1,Linux,asia-south1,0.2623,6893.0,exact,783.5,
2 x H100 NVL,H100 NVL,2,Ubuntu,on_demand,4.175,,RunPod,nearest-gpu(Δ1),H100 SXM,1,Linux,global,2.89,,exact,44.5,
2 x H100 NVL,H100 NVL,2,Ubuntu,1mo,2.9682,2167.0,RunPod,nearest-gpu(Δ1),H100 SXM,1,Linux,global,2.6702,1949.0,synth,11.2,"est from H100 PCIe (6mo, x1.064)"
2 x H100 NVL,H100 NVL,2,Ubuntu,6mo,2.7901,12221.0,RunPod,nearest-gpu(Δ1),H100 SXM,1,Linux,global,2.51,10994.0,exact,11.2,
2 x H100 NVL,H100 NVL,2,Ubuntu,12mo,2.6227,22975.0,RunPod,nearest-gpu(Δ1),H100 SXM,1,Linux,global,2.3594,20668.0,synth,11.2,"est from H100 PCIe (6mo, x0.940)"
2 x H100 NVL,H100 NVL,2,Ubuntu,24mo,2.4653,43193.0,RunPod,nearest-gpu(Δ1),H100 SXM,1,Linux,global,2.8936,50696.0,synth,-14.8,"est from H100 PCIe (36mo, x1.064)"
2 x H100 NVL,H100 NVL,2,Ubuntu,36mo,2.3174,60902.0,RunPod,nearest-gpu(Δ1),H100 SXM,1,Linux,global,2.72,71482.0,exact,-14.8,
2 x H100 NVL,H100 NVL,2,Ubuntu,on_demand,4.175,,RunPod,nearest-gpu(Δ1),L40S,1,Linux,global,0.86,,exact,385.5,
2 x H100 NVL,H100 NVL,2,Ubuntu,1mo,2.9682,2167.0,RunPod,nearest-gpu(Δ1),L40S,1,Linux,global,0.7777,568.0,synth,281.7,"est from L40S (6mo, x1.064)"
2 x H100 NVL,H100 NVL,2,Ubuntu,6mo,2.7901,12221.0,RunPod,nearest-gpu(Δ1),L40S,1,Linux,global,0.731,3202.0,exact,281.7,
2 x H100 NVL,H100 NVL,2,Ubuntu,12mo,2.6227,22975.0,RunPod,nearest-gpu(Δ1),L40S,1,Linux,global,0.6871,6019.0,synth,281.7,"est from L40S (6mo, x0.940)"
2 x H100 NVL,H100 NVL,2,Ubuntu,24mo,2.4653,43193.0,RunPod,nearest-gpu(Δ1),L40S,1,Linux,global,0.7957,13941.0,synth,209.8,"est from L40S (36mo, x1.064)"
2 x H100 NVL,H100 NVL,2,Ubuntu,36mo,2.3174,60902.0,RunPod,nearest-gpu(Δ1),L40S,1,Linux,global,0.748,19657.0,exact,209.8,
2 x H100 NVL,H100 NVL,2,Ubuntu,on_demand,4.175,,Vultr,nearest-gpu(Δ1),L40S,2,Linux,,1.5596,,exact,167.7,
2 x H100 NVL,H100 NVL,2,Ubuntu,1mo,2.9682,2167.0,Vultr,nearest-gpu(Δ1),L40S,2,Linux,,1.1088,809.0,synth,167.7,"est from on_demand (on_demand, x0.711)"
2 x H100 NVL,H100 NVL,2,Ubuntu,6mo,2.7901,12221.0,Vultr,nearest-gpu(Δ1),L40S,2,Linux,,1.0423,4565.0,synth,167.7,"est from on_demand (on_demand, x0.668)"
2 x H100 NVL,H100 NVL,2,Ubuntu,12mo,2.6227,22975.0,Vultr,nearest-gpu(Δ1),L40S,2,Linux,,0.9797,8582.0,synth,167.7,"est from on_demand (on_demand, x0.628)"
2 x H100 NVL,H100 NVL,2,Ubuntu,24mo,2.4653,43193.0,Vultr,nearest-gpu(Δ1),L40S,2,Linux,,0.9209,16135.0,synth,167.7,"est from on_demand (on_demand, x0.590)"
2 x H100 NVL,H100 NVL,2,Ubuntu,36mo,2.3174,60902.0,Vultr,nearest-gpu(Δ1),L40S,2,Linux,,0.8657,22750.0,synth,167.7,"est from on_demand (on_demand, x0.555)"
4 x H100 NVL,H100 NVL,4,Ubuntu,on_demand,4.175,,Azure,exact-gpu,H100 NVL,2,Linux,eastus,6.98,,exact,-40.2,
4 x H100 NVL,H100 NVL,4,Ubuntu,1mo,2.9682,2167.0,Azure,exact-gpu,H100 NVL,2,Linux,eastus,6.5716,4797.0,synth,-54.8,"est from Standard_NC80adis_H100_v5 (12mo, x1.132)"
4 x H100 NVL,H100 NVL,4,Ubuntu,6mo,2.7901,12221.0,Azure,exact-gpu,H100 NVL,2,Linux,eastus,6.1773,27057.0,synth,-54.8,"est from Standard_NC80adis_H100_v5 (12mo, x1.064)"
4 x H100 NVL,H100 NVL,4,Ubuntu,12mo,2.6227,22975.0,Azure,exact-gpu,H100 NVL,2,Linux,eastus,5.8067,50867.0,exact,-54.8,
4 x H100 NVL,H100 NVL,4,Ubuntu,24mo,2.4653,43193.0,Azure,exact-gpu,H100 NVL,2,Linux,eastus,5.4583,95629.0,synth,-54.8,"est from Standard_NC80adis_H100_v5 (12mo, x0.940)"
4 x H100 NVL,H100 NVL,4,Ubuntu,36mo,2.3174,60902.0,Azure,exact-gpu,H100 NVL,2,Linux,eastus,4.306,113162.0,exact,-46.2,
4 x H100 NVL,H100 NVL,4,Ubuntu,on_demand,4.175,,OCI,nearest-gpu(Δ1),H100 SXM,1,Linux,global,10.0,,exact,-58.2,
4 x H100 NVL,H100 NVL,4,Ubuntu,1mo,2.9682,2167.0,OCI,nearest-gpu(Δ1),H100 SXM,1,Linux,global,7.1094,5190.0,synth,-58.2,"est from Oracle Cloud Infrastructure - Compute - GPU - H100 (on_demand, x0.711)"
4 x H100 NVL,H100 NVL,4,Ubuntu,6mo,2.7901,12221.0,OCI,nearest-gpu(Δ1),H100 SXM,1,Linux,global,6.6829,29271.0,synth,-58.2,"est from Oracle Cloud Infrastructure - Compute - GPU - H100 (on_demand, x0.668)"
4 x H100 NVL,H100 NVL,4,Ubuntu,12mo,2.6227,22975.0,OCI,nearest-gpu(Δ1),H100 SXM,1,Linux,global,6.2819,55029.0,synth,-58.2,"est from Oracle Cloud Infrastructure - Compute - GPU - H100 (on_demand, x0.628)"
4 x H100 NVL,H100 NVL,4,Ubuntu,24mo,2.4653,43193.0,OCI,nearest-gpu(Δ1),H100 SXM,1,Linux,global,5.905,103455.0,synth,-58.2,"est from Oracle Cloud Infrastructure - Compute - GPU - H100 (on_demand, x0.590)"
4 x H100 NVL,H100 NVL,4,Ubuntu,36mo,2.3174,60902.0,OCI,nearest-gpu(Δ1),H100 SXM,1,Linux,global,5.5507,145872.0,synth,-58.2,"est from Oracle Cloud Infrastructure - Compute - GPU - H100 (on_demand, x0.555)"
4 x H100 NVL,H100 NVL,4,Ubuntu,on_demand,4.175,,OCI,nearest-gpu(Δ1),L40S,1,Linux,global,0.6,,exact,595.8,
4 x H100 NVL,H100 NVL,4,Ubuntu,1mo,2.9682,2167.0,OCI,nearest-gpu(Δ1),L40S,1,Linux,global,0.4266,311.0,synth,595.8,"est from Oracle Compute Cloud@Customer - Compute - GPU.L40S - Resource Commit (on_demand, x0.711)"
4 x H100 NVL,H100 NVL,4,Ubuntu,6mo,2.7901,12221.0,OCI,nearest-gpu(Δ1),L40S,1,Linux,global,0.401,1756.0,synth,595.8,"est from Oracle Compute Cloud@Customer - Compute - GPU.L40S - Resource Commit (on_demand, x0.668)"
4 x H100 NVL,H100 NVL,4,Ubuntu,12mo,2.6227,22975.0,OCI,nearest-gpu(Δ1),L40S,1,Linux,global,0.3769,3302.0,synth,595.8,"est from Oracle Compute Cloud@Customer - Compute - GPU.L40S - Resource Commit (on_demand, x0.628)"
4 x H100 NVL,H100 NVL,4,Ubuntu,24mo,2.4653,43193.0,OCI,nearest-gpu(Δ1),L40S,1,Linux,global,0.3543,6207.0,synth,595.8,"est from Oracle Compute Cloud@Customer - Compute - GPU.L40S - Resource Commit (on_demand, x0.590)"
4 x H100 NVL,H100 NVL,4,Ubuntu,36mo,2.3174,60902.0,OCI,nearest-gpu(Δ1),L40S,1,Linux,global,0.333,8752.0,synth,595.8,"est from Oracle Compute Cloud@Customer - Compute - GPU.L40S - Resource Commit (on_demand, x0.555)"
4 x H100 NVL,H100 NVL,4,Ubuntu,on_demand,4.175,,AWS EC2,nearest-gpu(Δ1),H100 SXM,8,Linux,ap-south-1,8.256,,exact,-49.4,
4 x H100 NVL,H100 NVL,4,Ubuntu,1mo,2.9682,2167.0,AWS EC2,nearest-gpu(Δ1),H100 SXM,8,Linux,ap-south-1,5.8695,4285.0,synth,-49.4,"est from p5.48xlarge (on_demand, x0.711)"
4 x H100 NVL,H100 NVL,4,Ubuntu,6mo,2.7901,12221.0,AWS EC2,nearest-gpu(Δ1),H100 SXM,8,Linux,ap-south-1,4.2941,18808.0,synth,-35.0,"est from p5.48xlarge (36mo, x1.204)"
4 x H100 NVL,H100 NVL,4,Ubuntu,12mo,2.6227,22975.0,AWS EC2,nearest-gpu(Δ1),H100 SXM,8,Linux,ap-south-1,4.0364,35359.0,synth,-35.0,"est from p5.48xlarge (36mo, x1.132)"
4 x H100 NVL,H100 NVL,4,Ubuntu,24mo,2.4653,43193.0,AWS EC2,nearest-gpu(Δ1),H100 SXM,8,Linux,ap-south-1,3.7943,66475.0,synth,-35.0,"est from p5.48xlarge (36mo, x1.064)"
4 x H100 NVL,H100 NVL,4,Ubuntu,36mo,2.3174,60902.0,AWS EC2,nearest-gpu(Δ1),H100 SXM,8,Linux,ap-south-1,3.5666,93730.0,exact,-35.0,
4 x H100 NVL,H100 NVL,4,Ubuntu,on_demand,4.175,,AWS EC2,nearest-gpu(Δ1),L40S,4,Linux,ap-south-1,3.1503,,exact,32.5,
4 x H100 NVL,H100 NVL,4,Ubuntu,1mo,2.9682,2167.0,AWS EC2,nearest-gpu(Δ1),L40S,4,Linux,ap-south-1,2.2462,1640.0,synth,32.1,"est from g6e.12xlarge (12mo, x1.132)"
4 x H100 NVL,H100 NVL,4,Ubuntu,6mo,2.7901,12221.0,AWS EC2,nearest-gpu(Δ1),L40S,4,Linux,ap-south-1,2.1114,9248.0,synth,32.1,"est from g6e.12xlarge (12mo, x1.064)"
4 x H100 NVL,H100 NVL,4,Ubuntu,12mo,2.6227,22975.0,AWS EC2,nearest-gpu(Δ1),L40S,4,Linux,ap-south-1,1.9847,17386.0,exact,32.1,
4 x H100 NVL,H100 NVL,4,Ubuntu,24mo,2.4653,43193.0,AWS EC2,nearest-gpu(Δ1),L40S,4,Linux,ap-south-1,1.8656,32686.0,synth,32.1,"est from g6e.12xlarge (12mo, x0.940)"
4 x H100 NVL,H100 NVL,4,Ubuntu,36mo,2.3174,60902.0,AWS EC2,nearest-gpu(Δ1),L40S,4,Linux,ap-south-1,1.3609,35764.0,exact,70.3,
4 x H100 NVL,H100 NVL,4,Ubuntu,on_demand,4.175,,AWS SageMaker,nearest-gpu(Δ1),H100 SXM,8,Linux,ap-south-1,9.4947,,exact,-56.0,
4 x H100 NVL,H100 NVL,4,Ubuntu,1mo,2.9682,2167.0,AWS SageMaker,nearest-gpu(Δ1),H100 SXM,8,Linux,ap-south-1,6.7502,4928.0,synth,-56.0,"est from ml.p5.48xlarge (on_demand, x0.711)"
4 x H100 NVL,H100 NVL,4,Ubuntu,6mo,2.7901,12221.0,AWS SageMaker,nearest-gpu(Δ1),H100 SXM,8,Linux,ap-south-1,6.3452,27792.0,synth,-56.0,"est from ml.p5.48xlarge (on_demand, x0.668)"
4 x H100 NVL,H100 NVL,4,Ubuntu,12mo,2.6227,22975.0,AWS SageMaker,nearest-gpu(Δ1),H100 SXM,8,Linux,ap-south-1,5.9645,52249.0,synth,-56.0,"est from ml.p5.48xlarge (on_demand, x0.628)"
4 x H100 NVL,H100 NVL,4,Ubuntu,24mo,2.4653,43193.0,AWS SageMaker,nearest-gpu(Δ1),H100 SXM,8,Linux,ap-south-1,5.6066,98227.0,synth,-56.0,"est from ml.p5.48xlarge (on_demand, x0.590)"
4 x H100 NVL,H100 NVL,4,Ubuntu,36mo,2.3174,60902.0,AWS SageMaker,nearest-gpu(Δ1),H100 SXM,8,Linux,ap-south-1,5.2702,138501.0,synth,-56.0,"est from ml.p5.48xlarge (on_demand, x0.555)"
4 x H100 NVL,H100 NVL,4,Ubuntu,on_demand,4.175,,AWS SageMaker,nearest-gpu(Δ1),L40S,4,Linux,ap-south-1,3.9379,,exact,6.0,
4 x H100 NVL,H100 NVL,4,Ubuntu,1mo,2.9682,2167.0,AWS SageMaker,nearest-gpu(Δ1),L40S,4,Linux,ap-south-1,2.7996,2044.0,synth,6.0,"est from ml.g6e.12xlarge (on_demand, x0.711)"
4 x H100 NVL,H100 NVL,4,Ubuntu,6mo,2.7901,12221.0,AWS SageMaker,nearest-gpu(Δ1),L40S,4,Linux,ap-south-1,2.6316,11527.0,synth,6.0,"est from ml.g6e.12xlarge (on_demand, x0.668)"
4 x H100 NVL,H100 NVL,4,Ubuntu,12mo,2.6227,22975.0,AWS SageMaker,nearest-gpu(Δ1),L40S,4,Linux,ap-south-1,2.4737,21670.0,synth,6.0,"est from ml.g6e.12xlarge (on_demand, x0.628)"
4 x H100 NVL,H100 NVL,4,Ubuntu,24mo,2.4653,43193.0,AWS SageMaker,nearest-gpu(Δ1),L40S,4,Linux,ap-south-1,2.3253,40740.0,synth,6.0,"est from ml.g6e.12xlarge (on_demand, x0.590)"
4 x H100 NVL,H100 NVL,4,Ubuntu,36mo,2.3174,60902.0,AWS SageMaker,nearest-gpu(Δ1),L40S,4,Linux,ap-south-1,2.1858,57443.0,synth,6.0,"est from ml.g6e.12xlarge (on_demand, x0.555)"
4 x H100 NVL,H100 NVL,4,Ubuntu,on_demand,4.175,,GCP,nearest-gpu(Δ1),H100 SXM,1,Linux,asia-south1,10.1884,,exact,-59.0,
4 x H100 NVL,H100 NVL,4,Ubuntu,1mo,2.9682,2167.0,GCP,nearest-gpu(Δ1),H100 SXM,1,Linux,asia-south1,4.7542,3471.0,synth,-37.6,"est from Nvidia H100 80GB GPU attached to DWS Defined Duration VMs running in Mumbai (12mo, x1.132)"
4 x H100 NVL,H100 NVL,4,Ubuntu,6mo,2.7901,12221.0,GCP,nearest-gpu(Δ1),H100 SXM,1,Linux,asia-south1,4.4689,19574.0,synth,-37.6,"est from Nvidia H100 80GB GPU attached to DWS Defined Duration VMs running in Mumbai (12mo, x1.064)"
4 x H100 NVL,H100 NVL,4,Ubuntu,12mo,2.6227,22975.0,GCP,nearest-gpu(Δ1),H100 SXM,1,Linux,asia-south1,4.2008,36799.0,exact,-37.6,
4 x H100 NVL,H100 NVL,4,Ubuntu,24mo,2.4653,43193.0,GCP,nearest-gpu(Δ1),H100 SXM,1,Linux,asia-south1,3.9488,69182.0,synth,-37.6,"est from Nvidia H100 80GB GPU attached to DWS Defined Duration VMs running in Mumbai (12mo, x0.940)"
4 x H100 NVL,H100 NVL,4,Ubuntu,36mo,2.3174,60902.0,GCP,nearest-gpu(Δ1),H100 SXM,1,Linux,asia-south1,4.4719,117522.0,exact,-48.2,
4 x H100 NVL,H100 NVL,4,Ubuntu,on_demand,4.175,,GCP,nearest-gpu(Δ2),L4,1,Linux,asia-south1,0.583,,exact,616.1,
4 x H100 NVL,H100 NVL,4,Ubuntu,1mo,2.9682,2167.0,GCP,nearest-gpu(Δ2),L4,1,Linux,asia-south1,0.4157,303.0,synth,614.1,"est from Commitment v1: Nvidia L4 GPU running in Mumbai for 1 Year (12mo, x1.132)"
4 x H100 NVL,H100 NVL,4,Ubuntu,6mo,2.7901,12221.0,GCP,nearest-gpu(Δ2),L4,1,Linux,asia-south1,0.3907,1711.0,synth,614.1,"est from Commitment v1: Nvidia L4 GPU running in Mumbai for 1 Year (12mo, x1.064)"
4 x H100 NVL,H100 NVL,4,Ubuntu,12mo,2.6227,22975.0,GCP,nearest-gpu(Δ2),L4,1,Linux,asia-south1,0.3673,3218.0,exact,614.1,
4 x H100 NVL,H100 NVL,4,Ubuntu,24mo,2.4653,43193.0,GCP,nearest-gpu(Δ2),L4,1,Linux,asia-south1,0.3453,6049.0,synth,614.1,"est from Commitment v1: Nvidia L4 GPU running in Mumbai for 1 Year (12mo, x0.940)"
4 x H100 NVL,H100 NVL,4,Ubuntu,36mo,2.3174,60902.0,GCP,nearest-gpu(Δ2),L4,1,Linux,asia-south1,0.2623,6893.0,exact,783.5,
4 x H100 NVL,H100 NVL,4,Ubuntu,on_demand,4.175,,RunPod,nearest-gpu(Δ1),H100 SXM,1,Linux,global,2.89,,exact,44.5,
4 x H100 NVL,H100 NVL,4,Ubuntu,1mo,2.9682,2167.0,RunPod,nearest-gpu(Δ1),H100 SXM,1,Linux,global,2.6702,1949.0,synth,11.2,"est from H100 PCIe (6mo, x1.064)"
4 x H100 NVL,H100 NVL,4,Ubuntu,6mo,2.7901,12221.0,RunPod,nearest-gpu(Δ1),H100 SXM,1,Linux,global,2.51,10994.0,exact,11.2,
4 x H100 NVL,H100 NVL,4,Ubuntu,12mo,2.6227,22975.0,RunPod,nearest-gpu(Δ1),H100 SXM,1,Linux,global,2.3594,20668.0,synth,11.2,"est from H100 PCIe (6mo, x0.940)"
4 x H100 NVL,H100 NVL,4,Ubuntu,24mo,2.4653,43193.0,RunPod,nearest-gpu(Δ1),H100 SXM,1,Linux,global,2.8936,50696.0,synth,-14.8,"est from H100 PCIe (36mo, x1.064)"
4 x H100 NVL,H100 NVL,4,Ubuntu,36mo,2.3174,60902.0,RunPod,nearest-gpu(Δ1),H100 SXM,1,Linux,global,2.72,71482.0,exact,-14.8,
4 x H100 NVL,H100 NVL,4,Ubuntu,on_demand,4.175,,RunPod,nearest-gpu(Δ1),L40S,1,Linux,global,0.86,,exact,385.5,
4 x H100 NVL,H100 NVL,4,Ubuntu,1mo,2.9682,2167.0,RunPod,nearest-gpu(Δ1),L40S,1,Linux,global,0.7777,568.0,synth,281.7,"est from L40S (6mo, x1.064)"
4 x H100 NVL,H100 NVL,4,Ubuntu,6mo,2.7901,12221.0,RunPod,nearest-gpu(Δ1),L40S,1,Linux,global,0.731,3202.0,exact,281.7,
4 x H100 NVL,H100 NVL,4,Ubuntu,12mo,2.6227,22975.0,RunPod,nearest-gpu(Δ1),L40S,1,Linux,global,0.6871,6019.0,synth,281.7,"est from L40S (6mo, x0.940)"
4 x H100 NVL,H100 NVL,4,Ubuntu,24mo,2.4653,43193.0,RunPod,nearest-gpu(Δ1),L40S,1,Linux,global,0.7957,13941.0,synth,209.8,"est from L40S (36mo, x1.064)"
4 x H100 NVL,H100 NVL,4,Ubuntu,36mo,2.3174,60902.0,RunPod,nearest-gpu(Δ1),L40S,1,Linux,global,0.748,19657.0,exact,209.8,
4 x H100 NVL,H100 NVL,4,Ubuntu,on_demand,4.175,,Vultr,nearest-gpu(Δ1),L40S,4,Linux,,1.5596,,exact,167.7,
4 x H100 NVL,H100 NVL,4,Ubuntu,1mo,2.9682,2167.0,Vultr,nearest-gpu(Δ1),L40S,4,Linux,,1.1088,809.0,synth,167.7,"est from on_demand (on_demand, x0.711)"
4 x H100 NVL,H100 NVL,4,Ubuntu,6mo,2.7901,12221.0,Vultr,nearest-gpu(Δ1),L40S,4,Linux,,1.0423,4565.0,synth,167.7,"est from on_demand (on_demand, x0.668)"
4 x H100 NVL,H100 NVL,4,Ubuntu,12mo,2.6227,22975.0,Vultr,nearest-gpu(Δ1),L40S,4,Linux,,0.9797,8582.0,synth,167.7,"est from on_demand (on_demand, x0.628)"
4 x H100 NVL,H100 NVL,4,Ubuntu,24mo,2.4653,43193.0,Vultr,nearest-gpu(Δ1),L40S,4,Linux,,0.9209,16135.0,synth,167.7,"est from on_demand (on_demand, x0.590)"
4 x H100 NVL,H100 NVL,4,Ubuntu,36mo,2.3174,60902.0,Vultr,nearest-gpu(Δ1),L40S,4,Linux,,0.8657,22750.0,synth,167.7,"est from on_demand (on_demand, x0.555)"
1 x H200 SXM,H200 SXM,1,Ubuntu,on_demand,4.4921,,Azure,exact-gpu,H200 SXM,8,Linux,eastus2,10.6,,exact,-57.6,
1 x H200 SXM,H200 SXM,1,Ubuntu,1mo,3.113,2272.0,Azure,exact-gpu,H200 SXM,8,Linux,eastus2,7.3457,5362.0,synth,-57.6,"est from Standard_ND96isr_H200_v5 (on_demand, x0.693)"
1 x H200 SXM,H200 SXM,1,Ubuntu,6mo,2.9262,12817.0,Azure,exact-gpu,H200 SXM,8,Linux,eastus2,6.9049,30244.0,synth,-57.6,"est from Standard_ND96isr_H200_v5 (on_demand, x0.651)"
1 x H200 SXM,H200 SXM,1,Ubuntu,12mo,2.7506,24096.0,Azure,exact-gpu,H200 SXM,8,Linux,eastus2,6.4907,56858.0,synth,-57.6,"est from Standard_ND96isr_H200_v5 (on_demand, x0.612)"
1 x H200 SXM,H200 SXM,1,Ubuntu,24mo,2.5856,45300.0,Azure,exact-gpu,H200 SXM,8,Linux,eastus2,6.1012,106893.0,synth,-57.6,"est from Standard_ND96isr_H200_v5 (on_demand, x0.576)"
1 x H200 SXM,H200 SXM,1,Ubuntu,36mo,2.4305,63873.0,Azure,exact-gpu,H200 SXM,8,Linux,eastus2,5.7351,150719.0,synth,-57.6,"est from Standard_ND96isr_H200_v5 (on_demand, x0.541)"
1 x H200 SXM,H200 SXM,1,Ubuntu,on_demand,4.4921,,OCI,exact-gpu,H200 SXM,1,Linux,global,10.0,,exact,-55.1,
1 x H200 SXM,H200 SXM,1,Ubuntu,1mo,3.113,2272.0,OCI,exact-gpu,H200 SXM,1,Linux,global,6.9299,5059.0,synth,-55.1,"est from OCI - Compute - GPU - H200 (on_demand, x0.693)"
1 x H200 SXM,H200 SXM,1,Ubuntu,6mo,2.9262,12817.0,OCI,exact-gpu,H200 SXM,1,Linux,global,6.5141,28532.0,synth,-55.1,"est from OCI - Compute - GPU - H200 (on_demand, x0.651)"
1 x H200 SXM,H200 SXM,1,Ubuntu,12mo,2.7506,24096.0,OCI,exact-gpu,H200 SXM,1,Linux,global,6.1233,53640.0,synth,-55.1,"est from OCI - Compute - GPU - H200 (on_demand, x0.612)"
1 x H200 SXM,H200 SXM,1,Ubuntu,24mo,2.5856,45300.0,OCI,exact-gpu,H200 SXM,1,Linux,global,5.7559,100843.0,synth,-55.1,"est from OCI - Compute - GPU - H200 (on_demand, x0.576)"
1 x H200 SXM,H200 SXM,1,Ubuntu,36mo,2.4305,63873.0,OCI,exact-gpu,H200 SXM,1,Linux,global,5.4105,142188.0,synth,-55.1,"est from OCI - Compute - GPU - H200 (on_demand, x0.541)"
1 x H200 SXM,H200 SXM,1,Ubuntu,on_demand,4.4921,,AWS EC2,exact-gpu,H200 SXM,8,Linux,ap-south-1,9.4944,,exact,-52.7,
1 x H200 SXM,H200 SXM,1,Ubuntu,1mo,3.113,2272.0,AWS EC2,exact-gpu,H200 SXM,8,Linux,ap-south-1,6.5795,4803.0,synth,-52.7,"est from p5en.48xlarge (on_demand, x0.693)"
1 x H200 SXM,H200 SXM,1,Ubuntu,6mo,2.9262,12817.0,AWS EC2,exact-gpu,H200 SXM,8,Linux,ap-south-1,6.1847,27089.0,synth,-52.7,"est from p5en.48xlarge (on_demand, x0.651)"
1 x H200 SXM,H200 SXM,1,Ubuntu,12mo,2.7506,24096.0,AWS EC2,exact-gpu,H200 SXM,8,Linux,ap-south-1,5.8137,50928.0,synth,-52.7,"est from p5en.48xlarge (on_demand, x0.612)"
1 x H200 SXM,H200 SXM,1,Ubuntu,24mo,2.5856,45300.0,AWS EC2,exact-gpu,H200 SXM,8,Linux,ap-south-1,5.4649,95744.0,synth,-52.7,"est from p5en.48xlarge (on_demand, x0.576)"
1 x H200 SXM,H200 SXM,1,Ubuntu,36mo,2.4305,63873.0,AWS EC2,exact-gpu,H200 SXM,8,Linux,ap-south-1,5.137,134999.0,synth,-52.7,"est from p5en.48xlarge (on_demand, x0.541)"
1 x H200 SXM,H200 SXM,1,Ubuntu,on_demand,4.4921,,AWS SageMaker,exact-gpu,H200 SXM,8,Linux,ap-south-1,5.7211,,exact,-21.5,
1 x H200 SXM,H200 SXM,1,Ubuntu,1mo,3.113,2272.0,AWS SageMaker,exact-gpu,H200 SXM,8,Linux,ap-south-1,3.9647,2894.0,synth,-21.5,"est from ml.p5e.48xlarge (on_demand, x0.693)"
1 x H200 SXM,H200 SXM,1,Ubuntu,6mo,2.9262,12817.0,AWS SageMaker,exact-gpu,H200 SXM,8,Linux,ap-south-1,3.7268,16323.0,synth,-21.5,"est from ml.p5e.48xlarge (on_demand, x0.651)"
1 x H200 SXM,H200 SXM,1,Ubuntu,12mo,2.7506,24096.0,AWS SageMaker,exact-gpu,H200 SXM,8,Linux,ap-south-1,3.5032,30688.0,synth,-21.5,"est from ml.p5e.48xlarge (on_demand, x0.612)"
1 x H200 SXM,H200 SXM,1,Ubuntu,24mo,2.5856,45300.0,AWS SageMaker,exact-gpu,H200 SXM,8,Linux,ap-south-1,3.293,57693.0,synth,-21.5,"est from ml.p5e.48xlarge (on_demand, x0.576)"
1 x H200 SXM,H200 SXM,1,Ubuntu,36mo,2.4305,63873.0,AWS SageMaker,exact-gpu,H200 SXM,8,Linux,ap-south-1,3.0954,81347.0,synth,-21.5,"est from ml.p5e.48xlarge (on_demand, x0.541)"
1 x H200 SXM,H200 SXM,1,Ubuntu,on_demand,4.4921,,GCP,exact-gpu,H200 SXM,1,Linux,asia-south1,11.1741,,exact,-59.8,
1 x H200 SXM,H200 SXM,1,Ubuntu,1mo,3.113,2272.0,GCP,exact-gpu,H200 SXM,1,Linux,asia-south1,5.178,3780.0,synth,-39.9,"est from H200 141GB GPU attached to DWS Defined Duration VMs running in Mumbai (12mo, x1.132)"
1 x H200 SXM,H200 SXM,1,Ubuntu,6mo,2.9262,12817.0,GCP,exact-gpu,H200 SXM,1,Linux,asia-south1,4.8673,21319.0,synth,-39.9,"est from H200 141GB GPU attached to DWS Defined Duration VMs running in Mumbai (12mo, x1.064)"
1 x H200 SXM,H200 SXM,1,Ubuntu,12mo,2.7506,24096.0,GCP,exact-gpu,H200 SXM,1,Linux,asia-south1,4.5753,40080.0,exact,-39.9,
1 x H200 SXM,H200 SXM,1,Ubuntu,24mo,2.5856,45300.0,GCP,exact-gpu,H200 SXM,1,Linux,asia-south1,4.3008,75350.0,synth,-39.9,"est from H200 141GB GPU attached to DWS Defined Duration VMs running in Mumbai (12mo, x0.940)"
1 x H200 SXM,H200 SXM,1,Ubuntu,36mo,2.4305,63873.0,GCP,exact-gpu,H200 SXM,1,Linux,asia-south1,4.8996,128761.0,exact,-50.4,
1 x H200 SXM,H200 SXM,1,Ubuntu,on_demand,4.4921,,RunPod,exact-gpu,H200 SXM,1,Linux,global,3.79,,exact,18.5,
1 x H200 SXM,H200 SXM,1,Ubuntu,1mo,3.113,2272.0,RunPod,exact-gpu,H200 SXM,1,Linux,global,3.5106,2563.0,synth,-11.3,"est from H200 NVL (6mo, x1.064)"
1 x H200 SXM,H200 SXM,1,Ubuntu,6mo,2.9262,12817.0,RunPod,exact-gpu,H200 SXM,1,Linux,global,3.3,14454.0,exact,-11.3,
1 x H200 SXM,H200 SXM,1,Ubuntu,12mo,2.7506,24096.0,RunPod,exact-gpu,H200 SXM,1,Linux,global,3.102,27174.0,synth,-11.3,"est from H200 NVL (6mo, x0.940)"
1 x H200 SXM,H200 SXM,1,Ubuntu,24mo,2.5856,45300.0,RunPod,exact-gpu,H200 SXM,1,Linux,global,3.7872,66353.0,synth,-31.7,"est from H200 NVL (36mo, x1.064)"
1 x H200 SXM,H200 SXM,1,Ubuntu,36mo,2.4305,63873.0,RunPod,exact-gpu,H200 SXM,1,Linux,global,3.56,93557.0,exact,-31.7,
1 x H200 SXM,H200 SXM,1,Ubuntu,on_demand,4.4921,,Vultr,nearest-gpu(Δ3),L40S,1,Linux,,1.5596,,exact,188.0,
1 x H200 SXM,H200 SXM,1,Ubuntu,1mo,3.113,2272.0,Vultr,nearest-gpu(Δ3),L40S,1,Linux,,1.0808,789.0,synth,188.0,"est from on_demand (on_demand, x0.693)"
1 x H200 SXM,H200 SXM,1,Ubuntu,6mo,2.9262,12817.0,Vultr,nearest-gpu(Δ3),L40S,1,Linux,,1.0159,4450.0,synth,188.0,"est from on_demand (on_demand, x0.651)"
1 x H200 SXM,H200 SXM,1,Ubuntu,12mo,2.7506,24096.0,Vultr,nearest-gpu(Δ3),L40S,1,Linux,,0.955,8366.0,synth,188.0,"est from on_demand (on_demand, x0.612)"
1 x H200 SXM,H200 SXM,1,Ubuntu,24mo,2.5856,45300.0,Vultr,nearest-gpu(Δ3),L40S,1,Linux,,0.8977,15727.0,synth,188.0,"est from on_demand (on_demand, x0.576)"
1 x H200 SXM,H200 SXM,1,Ubuntu,36mo,2.4305,63873.0,Vultr,nearest-gpu(Δ3),L40S,1,Linux,,0.8438,22176.0,synth,188.0,"est from on_demand (on_demand, x0.541)"
2 x H200 SXM,H200 SXM,2,Ubuntu,on_demand,4.4921,,Azure,exact-gpu,H200 SXM,8,Linux,eastus2,10.6,,exact,-57.6,
2 x H200 SXM,H200 SXM,2,Ubuntu,1mo,3.113,2272.0,Azure,exact-gpu,H200 SXM,8,Linux,eastus2,7.3457,5362.0,synth,-57.6,"est from Standard_ND96isr_H200_v5 (on_demand, x0.693)"
2 x H200 SXM,H200 SXM,2,Ubuntu,6mo,2.9262,12817.0,Azure,exact-gpu,H200 SXM,8,Linux,eastus2,6.9049,30244.0,synth,-57.6,"est from Standard_ND96isr_H200_v5 (on_demand, x0.651)"
2 x H200 SXM,H200 SXM,2,Ubuntu,12mo,2.7506,24096.0,Azure,exact-gpu,H200 SXM,8,Linux,eastus2,6.4907,56858.0,synth,-57.6,"est from Standard_ND96isr_H200_v5 (on_demand, x0.612)"
2 x H200 SXM,H200 SXM,2,Ubuntu,24mo,2.5856,45300.0,Azure,exact-gpu,H200 SXM,8,Linux,eastus2,6.1012,106893.0,synth,-57.6,"est from Standard_ND96isr_H200_v5 (on_demand, x0.576)"
2 x H200 SXM,H200 SXM,2,Ubuntu,36mo,2.4305,63873.0,Azure,exact-gpu,H200 SXM,8,Linux,eastus2,5.7351,150719.0,synth,-57.6,"est from Standard_ND96isr_H200_v5 (on_demand, x0.541)"
2 x H200 SXM,H200 SXM,2,Ubuntu,on_demand,4.4921,,OCI,exact-gpu,H200 SXM,1,Linux,global,10.0,,exact,-55.1,
2 x H200 SXM,H200 SXM,2,Ubuntu,1mo,3.113,2272.0,OCI,exact-gpu,H200 SXM,1,Linux,global,6.9299,5059.0,synth,-55.1,"est from OCI - Compute - GPU - H200 (on_demand, x0.693)"
2 x H200 SXM,H200 SXM,2,Ubuntu,6mo,2.9262,12817.0,OCI,exact-gpu,H200 SXM,1,Linux,global,6.5141,28532.0,synth,-55.1,"est from OCI - Compute - GPU - H200 (on_demand, x0.651)"
2 x H200 SXM,H200 SXM,2,Ubuntu,12mo,2.7506,24096.0,OCI,exact-gpu,H200 SXM,1,Linux,global,6.1233,53640.0,synth,-55.1,"est from OCI - Compute - GPU - H200 (on_demand, x0.612)"
2 x H200 SXM,H200 SXM,2,Ubuntu,24mo,2.5856,45300.0,OCI,exact-gpu,H200 SXM,1,Linux,global,5.7559,100843.0,synth,-55.1,"est from OCI - Compute - GPU - H200 (on_demand, x0.576)"
2 x H200 SXM,H200 SXM,2,Ubuntu,36mo,2.4305,63873.0,OCI,exact-gpu,H200 SXM,1,Linux,global,5.4105,142188.0,synth,-55.1,"est from OCI - Compute - GPU - H200 (on_demand, x0.541)"
2 x H200 SXM,H200 SXM,2,Ubuntu,on_demand,4.4921,,AWS EC2,exact-gpu,H200 SXM,8,Linux,ap-south-1,9.4944,,exact,-52.7,
2 x H200 SXM,H200 SXM,2,Ubuntu,1mo,3.113,2272.0,AWS EC2,exact-gpu,H200 SXM,8,Linux,ap-south-1,6.5795,4803.0,synth,-52.7,"est from p5en.48xlarge (on_demand, x0.693)"
2 x H200 SXM,H200 SXM,2,Ubuntu,6mo,2.9262,12817.0,AWS EC2,exact-gpu,H200 SXM,8,Linux,ap-south-1,6.1847,27089.0,synth,-52.7,"est from p5en.48xlarge (on_demand, x0.651)"
2 x H200 SXM,H200 SXM,2,Ubuntu,12mo,2.7506,24096.0,AWS EC2,exact-gpu,H200 SXM,8,Linux,ap-south-1,5.8137,50928.0,synth,-52.7,"est from p5en.48xlarge (on_demand, x0.612)"
2 x H200 SXM,H200 SXM,2,Ubuntu,24mo,2.5856,45300.0,AWS EC2,exact-gpu,H200 SXM,8,Linux,ap-south-1,5.4648,95744.0,synth,-52.7,"est from p5en.48xlarge (on_demand, x0.576)"
2 x H200 SXM,H200 SXM,2,Ubuntu,36mo,2.4305,63873.0,AWS EC2,exact-gpu,H200 SXM,8,Linux,ap-south-1,5.137,134999.0,synth,-52.7,"est from p5en.48xlarge (on_demand, x0.541)"
2 x H200 SXM,H200 SXM,2,Ubuntu,on_demand,4.4921,,AWS SageMaker,exact-gpu,H200 SXM,8,Linux,ap-south-1,5.7211,,exact,-21.5,
2 x H200 SXM,H200 SXM,2,Ubuntu,1mo,3.113,2272.0,AWS SageMaker,exact-gpu,H200 SXM,8,Linux,ap-south-1,3.9647,2894.0,synth,-21.5,"est from ml.p5e.48xlarge (on_demand, x0.693)"
2 x H200 SXM,H200 SXM,2,Ubuntu,6mo,2.9262,12817.0,AWS SageMaker,exact-gpu,H200 SXM,8,Linux,ap-south-1,3.7268,16323.0,synth,-21.5,"est from ml.p5e.48xlarge (on_demand, x0.651)"
2 x H200 SXM,H200 SXM,2,Ubuntu,12mo,2.7506,24096.0,AWS SageMaker,exact-gpu,H200 SXM,8,Linux,ap-south-1,3.5032,30688.0,synth,-21.5,"est from ml.p5e.48xlarge (on_demand, x0.612)"
2 x H200 SXM,H200 SXM,2,Ubuntu,24mo,2.5856,45300.0,AWS SageMaker,exact-gpu,H200 SXM,8,Linux,ap-south-1,3.293,57693.0,synth,-21.5,"est from ml.p5e.48xlarge (on_demand, x0.576)"
2 x H200 SXM,H200 SXM,2,Ubuntu,36mo,2.4305,63873.0,AWS SageMaker,exact-gpu,H200 SXM,8,Linux,ap-south-1,3.0954,81347.0,synth,-21.5,"est from ml.p5e.48xlarge (on_demand, x0.541)"
2 x H200 SXM,H200 SXM,2,Ubuntu,on_demand,4.4921,,GCP,exact-gpu,H200 SXM,1,Linux,asia-south1,11.1741,,exact,-59.8,
2 x H200 SXM,H200 SXM,2,Ubuntu,1mo,3.113,2272.0,GCP,exact-gpu,H200 SXM,1,Linux,asia-south1,5.178,3780.0,synth,-39.9,"est from H200 141GB GPU attached to DWS Defined Duration VMs running in Mumbai (12mo, x1.132)"
2 x H200 SXM,H200 SXM,2,Ubuntu,6mo,2.9262,12817.0,GCP,exact-gpu,H200 SXM,1,Linux,asia-south1,4.8673,21319.0,synth,-39.9,"est from H200 141GB GPU attached to DWS Defined Duration VMs running in Mumbai (12mo, x1.064)"
2 x H200 SXM,H200 SXM,2,Ubuntu,12mo,2.7506,24096.0,GCP,exact-gpu,H200 SXM,1,Linux,asia-south1,4.5753,40080.0,exact,-39.9,
2 x H200 SXM,H200 SXM,2,Ubuntu,24mo,2.5856,45300.0,GCP,exact-gpu,H200 SXM,1,Linux,asia-south1,4.3008,75350.0,synth,-39.9,"est from H200 141GB GPU attached to DWS Defined Duration VMs running in Mumbai (12mo, x0.940)"
2 x H200 SXM,H200 SXM,2,Ubuntu,36mo,2.4305,63873.0,GCP,exact-gpu,H200 SXM,1,Linux,asia-south1,4.8996,128761.0,exact,-50.4,
2 x H200 SXM,H200 SXM,2,Ubuntu,on_demand,4.4921,,RunPod,exact-gpu,H200 SXM,1,Linux,global,3.79,,exact,18.5,
2 x H200 SXM,H200 SXM,2,Ubuntu,1mo,3.113,2272.0,RunPod,exact-gpu,H200 SXM,1,Linux,global,3.5106,2563.0,synth,-11.3,"est from H200 NVL (6mo, x1.064)"
2 x H200 SXM,H200 SXM,2,Ubuntu,6mo,2.9262,12817.0,RunPod,exact-gpu,H200 SXM,1,Linux,global,3.3,14454.0,exact,-11.3,
2 x H200 SXM,H200 SXM,2,Ubuntu,12mo,2.7506,24096.0,RunPod,exact-gpu,H200 SXM,1,Linux,global,3.102,27174.0,synth,-11.3,"est from H200 NVL (6mo, x0.940)"
2 x H200 SXM,H200 SXM,2,Ubuntu,24mo,2.5856,45300.0,RunPod,exact-gpu,H200 SXM,1,Linux,global,3.7872,66352.0,synth,-31.7,"est from H200 NVL (36mo, x1.064)"
2 x H200 SXM,H200 SXM,2,Ubuntu,36mo,2.4305,63873.0,RunPod,exact-gpu,H200 SXM,1,Linux,global,3.56,93557.0,exact,-31.7,
2 x H200 SXM,H200 SXM,2,Ubuntu,on_demand,4.4921,,Vultr,nearest-gpu(Δ3),L40S,2,Linux,,1.5596,,exact,188.0,
2 x H200 SXM,H200 SXM,2,Ubuntu,1mo,3.113,2272.0,Vultr,nearest-gpu(Δ3),L40S,2,Linux,,1.0808,789.0,synth,188.0,"est from on_demand (on_demand, x0.693)"
2 x H200 SXM,H200 SXM,2,Ubuntu,6mo,2.9262,12817.0,Vultr,nearest-gpu(Δ3),L40S,2,Linux,,1.0159,4450.0,synth,188.0,"est from on_demand (on_demand, x0.651)"
2 x H200 SXM,H200 SXM,2,Ubuntu,12mo,2.7506,24096.0,Vultr,nearest-gpu(Δ3),L40S,2,Linux,,0.955,8366.0,synth,188.0,"est from on_demand (on_demand, x0.612)"
2 x H200 SXM,H200 SXM,2,Ubuntu,24mo,2.5856,45300.0,Vultr,nearest-gpu(Δ3),L40S,2,Linux,,0.8977,15727.0,synth,188.0,"est from on_demand (on_demand, x0.576)"
2 x H200 SXM,H200 SXM,2,Ubuntu,36mo,2.4305,63873.0,Vultr,nearest-gpu(Δ3),L40S,2,Linux,,0.8438,22176.0,synth,188.0,"est from on_demand (on_demand, x0.541)"
4 x H200 SXM,H200 SXM,4,Ubuntu,on_demand,4.4921,,Azure,exact-gpu,H200 SXM,8,Linux,eastus2,10.6,,exact,-57.6,
4 x H200 SXM,H200 SXM,4,Ubuntu,1mo,3.113,2272.0,Azure,exact-gpu,H200 SXM,8,Linux,eastus2,7.3457,5362.0,synth,-57.6,"est from Standard_ND96isr_H200_v5 (on_demand, x0.693)"
4 x H200 SXM,H200 SXM,4,Ubuntu,6mo,2.9262,12817.0,Azure,exact-gpu,H200 SXM,8,Linux,eastus2,6.9049,30244.0,synth,-57.6,"est from Standard_ND96isr_H200_v5 (on_demand, x0.651)"
4 x H200 SXM,H200 SXM,4,Ubuntu,12mo,2.7506,24096.0,Azure,exact-gpu,H200 SXM,8,Linux,eastus2,6.4907,56858.0,synth,-57.6,"est from Standard_ND96isr_H200_v5 (on_demand, x0.612)"
4 x H200 SXM,H200 SXM,4,Ubuntu,24mo,2.5856,45300.0,Azure,exact-gpu,H200 SXM,8,Linux,eastus2,6.1012,106893.0,synth,-57.6,"est from Standard_ND96isr_H200_v5 (on_demand, x0.576)"
4 x H200 SXM,H200 SXM,4,Ubuntu,36mo,2.4305,63873.0,Azure,exact-gpu,H200 SXM,8,Linux,eastus2,5.7351,150719.0,synth,-57.6,"est from Standard_ND96isr_H200_v5 (on_demand, x0.541)"
4 x H200 SXM,H200 SXM,4,Ubuntu,on_demand,4.4921,,OCI,exact-gpu,H200 SXM,1,Linux,global,10.0,,exact,-55.1,
4 x H200 SXM,H200 SXM,4,Ubuntu,1mo,3.113,2272.0,OCI,exact-gpu,H200 SXM,1,Linux,global,6.9299,5059.0,synth,-55.1,"est from OCI - Compute - GPU - H200 (on_demand, x0.693)"
4 x H200 SXM,H200 SXM,4,Ubuntu,6mo,2.9262,12817.0,OCI,exact-gpu,H200 SXM,1,Linux,global,6.5141,28532.0,synth,-55.1,"est from OCI - Compute - GPU - H200 (on_demand, x0.651)"
4 x H200 SXM,H200 SXM,4,Ubuntu,12mo,2.7506,24096.0,OCI,exact-gpu,H200 SXM,1,Linux,global,6.1233,53640.0,synth,-55.1,"est from OCI - Compute - GPU - H200 (on_demand, x0.612)"
4 x H200 SXM,H200 SXM,4,Ubuntu,24mo,2.5856,45300.0,OCI,exact-gpu,H200 SXM,1,Linux,global,5.7559,100843.0,synth,-55.1,"est from OCI - Compute - GPU - H200 (on_demand, x0.576)"
4 x H200 SXM,H200 SXM,4,Ubuntu,36mo,2.4305,63873.0,OCI,exact-gpu,H200 SXM,1,Linux,global,5.4105,142188.0,synth,-55.1,"est from OCI - Compute - GPU - H200 (on_demand, x0.541)"
4 x H200 SXM,H200 SXM,4,Ubuntu,on_demand,4.4921,,AWS EC2,exact-gpu,H200 SXM,8,Linux,ap-south-1,9.4944,,exact,-52.7,
4 x H200 SXM,H200 SXM,4,Ubuntu,1mo,3.113,2272.0,AWS EC2,exact-gpu,H200 SXM,8,Linux,ap-south-1,6.5795,4803.0,synth,-52.7,"est from p5en.48xlarge (on_demand, x0.693)"
4 x H200 SXM,H200 SXM,4,Ubuntu,6mo,2.9262,12817.0,AWS EC2,exact-gpu,H200 SXM,8,Linux,ap-south-1,6.1847,27089.0,synth,-52.7,"est from p5en.48xlarge (on_demand, x0.651)"
4 x H200 SXM,H200 SXM,4,Ubuntu,12mo,2.7506,24096.0,AWS EC2,exact-gpu,H200 SXM,8,Linux,ap-south-1,5.8137,50928.0,synth,-52.7,"est from p5en.48xlarge (on_demand, x0.612)"
4 x H200 SXM,H200 SXM,4,Ubuntu,24mo,2.5856,45300.0,AWS EC2,exact-gpu,H200 SXM,8,Linux,ap-south-1,5.4648,95744.0,synth,-52.7,"est from p5en.48xlarge (on_demand, x0.576)"
4 x H200 SXM,H200 SXM,4,Ubuntu,36mo,2.4305,63873.0,AWS EC2,exact-gpu,H200 SXM,8,Linux,ap-south-1,5.137,134999.0,synth,-52.7,"est from p5en.48xlarge (on_demand, x0.541)"
4 x H200 SXM,H200 SXM,4,Ubuntu,on_demand,4.4921,,AWS SageMaker,exact-gpu,H200 SXM,8,Linux,ap-south-1,5.7211,,exact,-21.5,
4 x H200 SXM,H200 SXM,4,Ubuntu,1mo,3.113,2272.0,AWS SageMaker,exact-gpu,H200 SXM,8,Linux,ap-south-1,3.9647,2894.0,synth,-21.5,"est from ml.p5e.48xlarge (on_demand, x0.693)"
4 x H200 SXM,H200 SXM,4,Ubuntu,6mo,2.9262,12817.0,AWS SageMaker,exact-gpu,H200 SXM,8,Linux,ap-south-1,3.7268,16323.0,synth,-21.5,"est from ml.p5e.48xlarge (on_demand, x0.651)"
4 x H200 SXM,H200 SXM,4,Ubuntu,12mo,2.7506,24096.0,AWS SageMaker,exact-gpu,H200 SXM,8,Linux,ap-south-1,3.5032,30688.0,synth,-21.5,"est from ml.p5e.48xlarge (on_demand, x0.612)"
4 x H200 SXM,H200 SXM,4,Ubuntu,24mo,2.5856,45300.0,AWS SageMaker,exact-gpu,H200 SXM,8,Linux,ap-south-1,3.293,57693.0,synth,-21.5,"est from ml.p5e.48xlarge (on_demand, x0.576)"
4 x H200 SXM,H200 SXM,4,Ubuntu,36mo,2.4305,63873.0,AWS SageMaker,exact-gpu,H200 SXM,8,Linux,ap-south-1,3.0954,81347.0,synth,-21.5,"est from ml.p5e.48xlarge (on_demand, x0.541)"
4 x H200 SXM,H200 SXM,4,Ubuntu,on_demand,4.4921,,GCP,exact-gpu,H200 SXM,1,Linux,asia-south1,11.1741,,exact,-59.8,
4 x H200 SXM,H200 SXM,4,Ubuntu,1mo,3.113,2272.0,GCP,exact-gpu,H200 SXM,1,Linux,asia-south1,5.178,3780.0,synth,-39.9,"est from H200 141GB GPU attached to DWS Defined Duration VMs running in Mumbai (12mo, x1.132)"
4 x H200 SXM,H200 SXM,4,Ubuntu,6mo,2.9262,12817.0,GCP,exact-gpu,H200 SXM,1,Linux,asia-south1,4.8673,21319.0,synth,-39.9,"est from H200 141GB GPU attached to DWS Defined Duration VMs running in Mumbai (12mo, x1.064)"
4 x H200 SXM,H200 SXM,4,Ubuntu,12mo,2.7506,24096.0,GCP,exact-gpu,H200 SXM,1,Linux,asia-south1,4.5753,40080.0,exact,-39.9,
4 x H200 SXM,H200 SXM,4,Ubuntu,24mo,2.5856,45300.0,GCP,exact-gpu,H200 SXM,1,Linux,asia-south1,4.3008,75350.0,synth,-39.9,"est from H200 141GB GPU attached to DWS Defined Duration VMs running in Mumbai (12mo, x0.940)"
4 x H200 SXM,H200 SXM,4,Ubuntu,36mo,2.4305,63873.0,GCP,exact-gpu,H200 SXM,1,Linux,asia-south1,4.8996,128761.0,exact,-50.4,
4 x H200 SXM,H200 SXM,4,Ubuntu,on_demand,4.4921,,RunPod,exact-gpu,H200 SXM,1,Linux,global,3.79,,exact,18.5,
4 x H200 SXM,H200 SXM,4,Ubuntu,1mo,3.113,2272.0,RunPod,exact-gpu,H200 SXM,1,Linux,global,3.5106,2563.0,synth,-11.3,"est from H200 NVL (6mo, x1.064)"
4 x H200 SXM,H200 SXM,4,Ubuntu,6mo,2.9262,12817.0,RunPod,exact-gpu,H200 SXM,1,Linux,global,3.3,14454.0,exact,-11.3,
4 x H200 SXM,H200 SXM,4,Ubuntu,12mo,2.7506,24096.0,RunPod,exact-gpu,H200 SXM,1,Linux,global,3.102,27174.0,synth,-11.3,"est from H200 NVL (6mo, x0.940)"
4 x H200 SXM,H200 SXM,4,Ubuntu,24mo,2.5856,45300.0,RunPod,exact-gpu,H200 SXM,1,Linux,global,3.7872,66352.0,synth,-31.7,"est from H200 NVL (36mo, x1.064)"
4 x H200 SXM,H200 SXM,4,Ubuntu,36mo,2.4305,63873.0,RunPod,exact-gpu,H200 SXM,1,Linux,global,3.56,93557.0,exact,-31.7,
4 x H200 SXM,H200 SXM,4,Ubuntu,on_demand,4.4921,,Vultr,nearest-gpu(Δ3),L40S,4,Linux,,1.5596,,exact,188.0,
4 x H200 SXM,H200 SXM,4,Ubuntu,1mo,3.113,2272.0,Vultr,nearest-gpu(Δ3),L40S,4,Linux,,1.0808,789.0,synth,188.0,"est from on_demand (on_demand, x0.693)"
4 x H200 SXM,H200 SXM,4,Ubuntu,6mo,2.9262,12817.0,Vultr,nearest-gpu(Δ3),L40S,4,Linux,,1.0159,4450.0,synth,188.0,"est from on_demand (on_demand, x0.651)"
4 x H200 SXM,H200 SXM,4,Ubuntu,12mo,2.7506,24096.0,Vultr,nearest-gpu(Δ3),L40S,4,Linux,,0.955,8366.0,synth,188.0,"est from on_demand (on_demand, x0.612)"
4 x H200 SXM,H200 SXM,4,Ubuntu,24mo,2.5856,45300.0,Vultr,nearest-gpu(Δ3),L40S,4,Linux,,0.8977,15727.0,synth,188.0,"est from on_demand (on_demand, x0.576)"
4 x H200 SXM,H200 SXM,4,Ubuntu,36mo,2.4305,63873.0,Vultr,nearest-gpu(Δ3),L40S,4,Linux,,0.8438,22176.0,synth,188.0,"est from on_demand (on_demand, x0.541)"
